source,target,similarity
ACCESO CARNAL VIOLENTO,ABORTO SIN CONSENTIMIENTO,0.03082667640100234
ACCESO CARNAL VIOLENTO,ACCESO CARNAL ABUSIVO CON MENOR DE CATORCE AÑOS,0.006988231333830641
ACCESO CARNAL VIOLENTO,ACCESO CARNAL O ACTO SEXUAL EN PERSONA PUESTA EN INCAPACIDAD DE RESISTIR,0.040444028689365585
ACCESO CARNAL VIOLENTO CONTRA MENOR DE EDAD  (NOTA:SOLO PARA JURISDICCION INDIGENA),ACCESO CARNAL VIOLENTO,0.05301235447156449
ACTO SEXUAL VIOLENTO,ACCESO CARNAL ABUSIVO CON MENOR DE CATORCE AÑOS,0.004369543538279452
ACTO SEXUAL VIOLENTO,ACCESO CARNAL O ACTO SEXUAL ABUSIVOS CON INCAPAZ DE RESISTIR,0.019943604199746612
ACTO SEXUAL VIOLENTO,ACCESO CARNAL VIOLENTO,0.11670577309776087
ACTO SEXUAL VIOLENTO,ACCESO CARNAL VIOLENTO CONTRA MENOR DE EDAD  (NOTA:SOLO PARA JURISDICCION INDIGENA),0.11163472969760613
ACTOS SEXUALES CON MENOR DE CATORCE AÑOS,ABORTO SIN CONSENTIMIENTO,0.0006792191854589902
ACTOS SEXUALES CON MENOR DE CATORCE AÑOS,ACCESO CARNAL ABUSIVO CON MENOR DE CATORCE AÑOS,0.190360034907757
ACTOS SEXUALES CON MENOR DE CATORCE AÑOS,ACCESO CARNAL VIOLENTO,0.021407382281835363
ALTERACION DESFIGURACION Y SUPLANTACION DE MARCAS DE GANADO,ABIGEATO,0.43551180944146195
AMENAZAS,ACCESO ABUSIVO A UN SISTEMA INFORMATICO,0.012933041444873505
AMENAZAS,ACOSO SEXUAL,0.005246197691268439
APODERAMIENTO O ALTERACIÓN DE SISTEMAS DE IDENTIFICACIÓN,"APODERAMIENTO DE HIDROCARBUROS, SUS DERIVADOS, BIOCOMBUSTIBLES O MEZCLAS QUE LOS CONTENGAN",0.09912453861622172
COHECHO POR DAR U OFRECER,ADMINISTRACION DE RECURSOS RELACIONADOS CON ACTIVIDADES TERRORISTAS,0.001840647262595696
COHECHO PROPIO,ACCESO ABUSIVO A UN SISTEMA INFORMATICO,0.02970987108862011
COHECHO PROPIO,COHECHO IMPROPIO,0.15653761509066866
CONCIERTO PARA DELINQUIR,AMENAZAS,0.06196690962739837
CONCIERTO PARA DELINQUIR,"APODERAMIENTO DE HIDROCARBUROS, SUS DERIVADOS, BIOCOMBUSTIBLES O MEZCLAS QUE LOS CONTENGAN",0.06425325353400835
CONCIERTO PARA DELINQUIR,COHECHO POR DAR U OFRECER,0.024809319592463575
CONCIERTO PARA DELINQUIR,COHECHO PROPIO,0.0018104591708909545
CONCUSION,ABUSO DE FUNCION PUBLICA,0.23967388116160793
CONCUSION,COHECHO IMPROPIO,0.10078249825143237
CONCUSION,COHECHO PROPIO,0.03816763505202736
CONSTREÑIMIENTO A LA PROSTITUCION,ACCESO CARNAL ABUSIVO CON MENOR DE CATORCE AÑOS,0.0025258414307293142
CONSTREÑIMIENTO AL SUFRAGANTE O AL ELECTOR,CONCIERTO PARA DELINQUIR,9.084080557097973e-05
CONSTREÑIMIENTO ILEGAL,CONCIERTO PARA DELINQUIR,0.004041170128536109
CONSTREÑIMIENTO PARA DELINQUIR,CONCIERTO PARA DELINQUIR,0.008526281177219874
CONTAMINACION AMBIENTAL,"APODERAMIENTO DE HIDROCARBUROS, SUS DERIVADOS, BIOCOMBUSTIBLES O MEZCLAS QUE LOS CONTENGAN",0.1621105783234087
CONTAMINACION AMBIENTAL,CONCIERTO PARA DELINQUIR,0.004385772638290875
CONTAMINACION AMBIENTAL POR EXPLOTACION DE YACIMIENTO MINERO O HIDROCARBURO,CONTAMINACION AMBIENTAL,0.09783499038204513
CORRUPCION DE ALIMENTOS PRODUCTOS MEDICOS O MATERIAL PROFILACTICO,CIRCULACION Y USO DE EFECTO OFICIAL O SELLO FALSIFICADO,0.07625628026446207
CORRUPCION DE ALIMENTOS PRODUCTOS MEDICOS O MATERIAL PROFILACTICO,CONCIERTO PARA DELINQUIR,0.006892825026420302
CORRUPCION DE MENORES,AMENAZAS,0.09907628231700716
DAÑO EN BIEN AJENO,ACTOS DE TERRORISMO,0.025277350355439765
DAÑO EN BIEN AJENO,AMENAZAS,0.0017667687917108932
DAÑO EN BIEN AJENO,ATRACO A MANO ARMADA (NOTA:SOLO PARA JURISDICCION INDIGENA),0.08353330565324057
DAÑOS EN LOS RECURSOS NATURALES,CONTAMINACION AMBIENTAL,0.17573667180399477
DAÑOS EN LOS RECURSOS NATURALES,CONTAMINACION AMBIENTAL CULPOSA POR EXPLOTACION DE YACIMIENTO MINERO O HIDROCARBURO,0.279961726571785
DAÑOS EN LOS RECURSOS NATURALES,CONTAMINACION AMBIENTAL POR EXPLOTACION DE YACIMIENTO MINERO O HIDROCARBURO,0.7754744120319501
DE LA CONFORMACION DE GRUPOS ARMADOS AL MARGEN DE LA LEY,CONCIERTO PARA DELINQUIR,0.017836529247037936
DEFRAUDACION A LOS DERECHOS PATRIMONIALES DE AUTOR,CORRUPCION DE ALIMENTOS PRODUCTOS MEDICOS O MATERIAL PROFILACTICO,0.01279137864792923
DEL TRAFICO DE MIGRANTES,COHECHO POR DAR U OFRECER,0.0035091171552958933
DEL TRAFICO DE MIGRANTES,CONCIERTO PARA DELINQUIR,0.025704503485565522
DEMANDA DE EXPLOTACION SEXUAL COMERCIAL DE PERSONA MENOR DE 18 AÑOS DE EDAD,ACCESO CARNAL ABUSIVO CON MENOR DE CATORCE AÑOS,0.009130575038273636
DEMANDA DE EXPLOTACION SEXUAL COMERCIAL DE PERSONA MENOR DE 18 AÑOS DE EDAD,ACTOS SEXUALES CON MENOR DE CATORCE AÑOS,0.0034080708508715807
DEPORTACION EXPULSION  TRASLADO O DESPLAZAMIENTO FORZADO DE POBLACION CIVIL,CONCIERTO PARA DELINQUIR,0.016746970078239
DESAPARICION FORZADA,AMENAZAS,0.007067297263381733
DESAPARICION FORZADA,CONCIERTO PARA DELINQUIR,0.06739064560028363
DESAPARICION FORZADA,DE LA CONFORMACION DE GRUPOS ARMADOS AL MARGEN DE LA LEY,0.020265211950898032
DESAPARICION FORZADA,DEPORTACION EXPULSION  TRASLADO O DESPLAZAMIENTO FORZADO DE POBLACION CIVIL,0.18383278522054947
DESPLAZAMIENTO FORZADO,AMENAZAS,0.01942959560116231
DESPLAZAMIENTO FORZADO,CONCIERTO PARA DELINQUIR,0.20118243619811493
DESPLAZAMIENTO FORZADO,CONSTREÑIMIENTO ILEGAL,0.017895026837198014
DESPLAZAMIENTO FORZADO,CONSTREÑIMIENTO PARA DELINQUIR,0.022056183352935244
DESPLAZAMIENTO FORZADO,CORRUPCION DE MENORES,0.030361271105748044
DESPLAZAMIENTO FORZADO,DE LA CONFORMACION DE GRUPOS ARMADOS AL MARGEN DE LA LEY,0.0023480539662711353
DESPLAZAMIENTO FORZADO,DEPORTACION EXPULSION  TRASLADO O DESPLAZAMIENTO FORZADO DE POBLACION CIVIL,0.008043283573647364
DESPLAZAMIENTO FORZADO,DESAPARICION FORZADA,0.09058383132211645
DESTINACION ILICITA DE MUEBLES O INMUEBLES,AMENAZAS A TESTIGO,0.00010121150929098821
DESTINACION ILICITA DE MUEBLES O INMUEBLES,CONCIERTO PARA DELINQUIR,0.10247144859094093
DESTINACIÓN ILEGAL DE COMBUSTIBLES,COHECHO POR DAR U OFRECER,0.006705593012390709
DESTRUCCION SUPRESION U OCULTAMIENTO DE DOCUMENTO PUBLICO,CONCUSION,0.014189620223124866
DESTRUCCION SUPRESION U OCULTAMIENTO DE DOCUMENTO PUBLICO,CONSTREÑIMIENTO ILEGAL,0.012497651320711789
DESTRUCCION SUPRESION U OCULTAMIENTO DE DOCUMENTO PUBLICO,CONTRATO SIN CUMPLIMIENTO DE REQUISITOS LEGALES,0.044807791182429835
DESTRUCCION SUPRESION Y OCULTAMIENTO DE DOCUMENTO PRIVADO,DAÑO INFORMATICO,0.36479181948938
DESTRUCCION Y APROPIACION DE BIENES PROTEGIDOS,CONSTREÑIMIENTO ILEGAL,0.09509768751952286
DESTRUCCION Y APROPIACION DE BIENES PROTEGIDOS,DESPLAZAMIENTO FORZADO,0.08231870867114022
DISPARO DE ARMA DE FUEGO CONTRA VEHICULO,CONSTREÑIMIENTO ILEGAL,0.0046686801956805635
EJERCICIO ILICITO DE ACTIVIDAD MONOPOLISTICA DE ARBITRIO RENTISTICO,CIRCULACION Y USO DE EFECTO OFICIAL O SELLO FALSIFICADO,0.1700020710461817
EJERCICIO ILICITO DE ACTIVIDAD MONOPOLISTICA DE ARBITRIO RENTISTICO,COHECHO POR DAR U OFRECER,0.0025449514588011812
EJERCICIO ILICITO DE ACTIVIDAD MONOPOLISTICA DE ARBITRIO RENTISTICO,CORRUPCION DE ALIMENTOS PRODUCTOS MEDICOS O MATERIAL PROFILACTICO,0.13299636392872527
EMPLEO O LANZAMIENTO DE SUSTANCIAS U OBJETOS PELIGROSOS,CALUMNIA,0.7009158598667888
ENAJENACIÓN ILEGAL DE MEDICAMENTOS,CONCIERTO PARA DELINQUIR,0.01068986286706397
ENAJENACIÓN ILEGAL DE MEDICAMENTOS,CORRUPCION DE ALIMENTOS PRODUCTOS MEDICOS O MATERIAL PROFILACTICO,0.39272058566390744
ENRIQUECIMIENTO ILICITO ,CAPTACION MASIVA Y HABITUAL DE DINEROS,0.2515624658591812
ENRIQUECIMIENTO ILICITO ,COHECHO PROPIO,0.045704622033561515
ENRIQUECIMIENTO ILICITO DE PARTICULARES,CAPTACION MASIVA Y HABITUAL DE DINEROS,0.16191553850726859
ENRIQUECIMIENTO ILICITO DE PARTICULARES,COHECHO PROPIO,0.02347566923301303
ENRIQUECIMIENTO ILICITO DE PARTICULARES,CONCIERTO PARA DELINQUIR,0.027191491162747217
ENTRENAMIENTO PARA ACTIVIDADES ILICITAS,CONCIERTO PARA DELINQUIR,0.007919347080313388
ESPIONAJE,COHECHO POR DAR U OFRECER,0.054514133339175874
ESPIONAJE,CONCIERTO PARA DELINQUIR,0.006710630007220719
ESTAFA,ABUSO DE CONFIANZA,0.021262688885485992
ESTAFA,ALZAMIENTO DE BIENES,0.03148825588280235
ESTAFA,CAPTACION MASIVA Y HABITUAL DE DINEROS,0.10210348643900546
ESTAFA,CONCIERTO PARA DELINQUIR,0.011052641282427222
ESTAFA,EJERCICIO ILICITO DE ACTIVIDAD MONOPOLISTICA DE ARBITRIO RENTISTICO,0.00022463044809040156
ESTAFA,EMISION Y TRANSFERENCIA ILEGAL DE CHEQUE,0.1202050376623226
ESTAFA,ENRIQUECIMIENTO ILICITO DE PARTICULARES,0.033749400027594856
ESTIMULO A LA PROSTITUCION DE MENORES,ACTOS SEXUALES CON MENOR DE CATORCE AÑOS,0.018474369302733384
ESTIMULO AL USO ILICITO,CONCIERTO PARA DELINQUIR,0.008526281177208328
ESTIMULO AL USO ILICITO,CORRUPCION DE ALIMENTOS PRODUCTOS MEDICOS O MATERIAL PROFILACTICO,0.4372634759537455
ESTIMULO AL USO ILICITO,ENAJENACIÓN ILEGAL DE MEDICAMENTOS,0.8676053618670673
EXPLOTACION ILICITA DE YACIMIENTO MINERO Y OTROS MATERIALES,CONTAMINACION AMBIENTAL,0.09783499038207655
EXPLOTACION ILICITA DE YACIMIENTO MINERO Y OTROS MATERIALES,DAÑOS EN LOS RECURSOS NATURALES,0.5478136342350779
EXTORSION,AMENAZAS,0.013963161778348554
EXTORSION,CALUMNIA,0.003706493785857634
EXTORSION,CONCIERTO PARA DELINQUIR,0.06104329978314149
EXTORSION,CONSTREÑIMIENTO ILEGAL,0.015213776617790109
EXTORSION,DESPLAZAMIENTO FORZADO,0.10806470106926758
EXTORSION,ESPIONAJE,0.003706493785852638
FABRICACION  TRAFICO Y PORTE DE ARMAS Y MUNICIONES DE USO PRIVATIVO DE LAS FUERZAS ARMADAS,AMENAZAS,2.875070668162394e-05
FABRICACION  TRAFICO Y PORTE DE ARMAS Y MUNICIONES DE USO PRIVATIVO DE LAS FUERZAS ARMADAS,CALUMNIA,0.01104051112925486
FABRICACION  TRAFICO Y PORTE DE ARMAS Y MUNICIONES DE USO PRIVATIVO DE LAS FUERZAS ARMADAS,CONCIERTO PARA DELINQUIR,0.06340386018280986
FABRICACION  TRAFICO Y PORTE DE ARMAS Y MUNICIONES DE USO PRIVATIVO DE LAS FUERZAS ARMADAS,DESTRUCCION Y APROPIACION DE BIENES PROTEGIDOS,0.024356261921294697
FABRICACION IMPORTACION TRAFICO POSESION USO ARMAS QUIMICAS BIOLOGICAS Y NUCLEARES,EXTORSION,0.0037064937858294345
FABRICACION TRAFICO Y PORTE DE ARMAS DE FUEGO O MUNICIONES,DISPARO DE ARMA DE FUEGO CONTRA VEHICULO,0.036019086894162444
FABRICACION TRAFICO Y PORTE DE ARMAS DE FUEGO O MUNICIONES,FABRICACION  TRAFICO Y PORTE DE ARMAS Y MUNICIONES DE USO PRIVATIVO DE LAS FUERZAS ARMADAS,0.004724318009549866
"FABRICACIÓN, POSESIÓN Y TRÁFICO ILEGAL DE ARMAS DE FUEGO, MUNICIONES Y EXPLOSIVOS.",FABRICACION  TRAFICO Y PORTE DE ARMAS Y MUNICIONES DE USO PRIVATIVO DE LAS FUERZAS ARMADAS,0.013499295419194257
"FABRICACIÓN, TRÁFICO Y PORTE DE ARMAS, MUNICIONES DE USO RESTRINGIDO, DE USO PRIVATIVO DE LAS FUERZAS ARMADAS O EXPLOSIVOS",CONCIERTO PARA DELINQUIR,0.027882786620178623
"FABRICACIÓN, TRÁFICO Y PORTE DE ARMAS, MUNICIONES DE USO RESTRINGIDO, DE USO PRIVATIVO DE LAS FUERZAS ARMADAS O EXPLOSIVOS",CONTAMINACION AMBIENTAL POR EXPLOTACION DE YACIMIENTO MINERO O HIDROCARBURO,0.03454485883191838
"FABRICACIÓN, TRÁFICO Y PORTE DE ARMAS, MUNICIONES DE USO RESTRINGIDO, DE USO PRIVATIVO DE LAS FUERZAS ARMADAS O EXPLOSIVOS",DAÑO EN OBRAS O ELEMENTOS DE LOS SERVICIOS DE COMUNICACIONES ENERGIA Y COMBUSTIBLES,0.021498398813260988
"FABRICACIÓN, TRÁFICO Y PORTE DE ARMAS, MUNICIONES DE USO RESTRINGIDO, DE USO PRIVATIVO DE LAS FUERZAS ARMADAS O EXPLOSIVOS",DAÑOS EN LOS RECURSOS NATURALES,0.008426481370227945
"FABRICACIÓN, TRÁFICO Y PORTE DE ARMAS, MUNICIONES DE USO RESTRINGIDO, DE USO PRIVATIVO DE LAS FUERZAS ARMADAS O EXPLOSIVOS",ENTRENAMIENTO PARA ACTIVIDADES ILICITAS,0.011581500824065727
"FABRICACIÓN, TRÁFICO, PORTE O TENENCIA DE ARMAS DE FUEGO, ACCESORIOS, PARTES O MUNICIONES",DISPARO DE ARMA DE FUEGO CONTRA VEHICULO,0.013060196341831087
"FABRICACIÓN, TRÁFICO, PORTE O TENENCIA DE ARMAS DE FUEGO, ACCESORIOS, PARTES O MUNICIONES","FABRICACIÓN, TRÁFICO Y PORTE DE ARMAS, MUNICIONES DE USO RESTRINGIDO, DE USO PRIVATIVO DE LAS FUERZAS ARMADAS O EXPLOSIVOS",0.004956473281114149
FALSA DENUNCIA,ABUSO DE CONFIANZA,0.014811495794856078
FALSEDAD EN DOCUMENTO PRIVADO,ABUSO DE CONFIANZA,0.01342307582031188
FALSEDAD EN DOCUMENTO PRIVADO,ACCESO ABUSIVO A UN SISTEMA INFORMATICO,0.033719172818254206
FALSEDAD EN DOCUMENTO PRIVADO,CAPTACION MASIVA Y HABITUAL DE DINEROS,0.01007232666361435
FALSEDAD EN DOCUMENTO PRIVADO,CONCIERTO PARA DELINQUIR,0.006747043115403084
FALSEDAD EN DOCUMENTO PRIVADO,CONTRABANDO,0.027315003042103436
FALSEDAD EN DOCUMENTO PRIVADO,CONTRATO SIN CUMPLIMIENTO DE REQUISITOS LEGALES,0.014717473847397633
FALSEDAD EN DOCUMENTO PRIVADO,DEL TRAFICO DE MIGRANTES,0.04932049499249602
FALSEDAD EN DOCUMENTO PRIVADO,EMISION Y TRANSFERENCIA ILEGAL DE CHEQUE,0.07091784940068235
FALSEDAD EN DOCUMENTO PRIVADO,ENRIQUECIMIENTO ILICITO DE PARTICULARES,0.07640076009453589
FALSEDAD EN DOCUMENTO PRIVADO,ESTAFA,0.453629967708013
FALSEDAD IDEOLOGICA EN DOCUMENTO PUBLICO,ABUSO DE FUNCION PUBLICA,0.2003726947335397
FALSEDAD IDEOLOGICA EN DOCUMENTO PUBLICO,AMENAZAS A TESTIGO,0.03389696868905012
FALSEDAD IDEOLOGICA EN DOCUMENTO PUBLICO,CONCUSION,0.08276735945735347
FALSEDAD IDEOLOGICA EN DOCUMENTO PUBLICO,CONTRATO SIN CUMPLIMIENTO DE REQUISITOS LEGALES,0.23698870629456625
FALSEDAD IDEOLOGICA EN DOCUMENTO PUBLICO,DEL TRAFICO DE MIGRANTES,0.0035225811720265288
FALSEDAD IDEOLOGICA EN DOCUMENTO PUBLICO,DESTRUCCION SUPRESION U OCULTAMIENTO DE DOCUMENTO PUBLICO,0.13105234084129047
FALSEDAD IDEOLOGICA EN DOCUMENTO PUBLICO,EMPLEO ILEGAL DE LA FUERZA PUBLICA,0.1254283775715841
FALSEDAD IDEOLOGICA EN DOCUMENTO PUBLICO,ENRIQUECIMIENTO ILICITO DE PARTICULARES,0.004304933306689129
FALSEDAD IDEOLOGICA EN DOCUMENTO PUBLICO,ESTAFA,0.018197239525584386
FALSEDAD IDEOLOGICA EN DOCUMENTO PUBLICO,FALSEDAD EN DOCUMENTO PRIVADO,0.02496897884294491
FALSEDAD MARCARIA,ABUSO DE CONFIANZA,0.01285837323965644
FALSEDAD MARCARIA,CORRUPCION DE ALIMENTOS PRODUCTOS MEDICOS O MATERIAL PROFILACTICO,0.0029542025609996525
FALSEDAD MARCARIA,DESTRUCCION SUPRESION U OCULTAMIENTO DE DOCUMENTO PUBLICO,0.0009413319934945541
FALSEDAD MARCARIA,FABRICACION TRAFICO Y PORTE DE ARMAS DE FUEGO O MUNICIONES,0.002546288923092055
FALSEDAD MARCARIA,FALSEDAD EN DOCUMENTO PRIVADO,0.0011574969978216387
FALSEDAD MARCARIA,FALSEDAD IDEOLOGICA EN DOCUMENTO PUBLICO,0.010581319094367658
FALSEDAD MATERIAL DE PARTICULAR EN DOCUMENTO PUBLICO,ACCESO ABUSIVO A UN SISTEMA INFORMATICO,0.006585548420138032
FALSEDAD MATERIAL DE PARTICULAR EN DOCUMENTO PUBLICO,COHECHO PROPIO,0.0022470604133968397
FALSEDAD MATERIAL DE PARTICULAR EN DOCUMENTO PUBLICO,ESTAFA,0.1289432247966641
FALSEDAD MATERIAL DE PARTICULAR EN DOCUMENTO PUBLICO,FALSEDAD EN DOCUMENTO PRIVADO,0.11626853513932955
FALSEDAD MATERIAL DE PARTICULAR EN DOCUMENTO PUBLICO,FALSEDAD MARCARIA,0.04123994101139894
FALSEDAD MATERIAL DE SERVIDOR PUBLICO EN DOCUMENTO PUBLICO,ESTAFA,0.015795484157364426
FALSEDAD MATERIAL DE SERVIDOR PUBLICO EN DOCUMENTO PUBLICO,FALSEDAD EN DOCUMENTO PRIVADO,0.02731500304214851
FALSEDAD MATERIAL EN DOCUMENTO PUBLICO,ABANDONO DEL SERVICIO,0.007308502673957995
FALSEDAD MATERIAL EN DOCUMENTO PUBLICO,ABUSO DE CONFIANZA,0.007216517920870635
FALSEDAD MATERIAL EN DOCUMENTO PUBLICO,ADMINISTRACION DE RECURSOS RELACIONADOS CON ACTIVIDADES TERRORISTAS,0.014588368151802644
FALSEDAD MATERIAL EN DOCUMENTO PUBLICO,CIRCULACION Y USO DE EFECTO OFICIAL O SELLO FALSIFICADO,0.01193110655433327
FALSEDAD MATERIAL EN DOCUMENTO PUBLICO,CONCIERTO PARA DELINQUIR,0.01943346194382889
FALSEDAD MATERIAL EN DOCUMENTO PUBLICO,DAÑO EN OBRAS O ELEMENTOS DE LOS SERVICIOS DE COMUNICACIONES ENERGIA Y COMBUSTIBLES,0.011931106554365023
FALSEDAD MATERIAL EN DOCUMENTO PUBLICO,DEL TRAFICO DE MIGRANTES,0.03777988439892144
FALSEDAD MATERIAL EN DOCUMENTO PUBLICO,DESTRUCCION SUPRESION U OCULTAMIENTO DE DOCUMENTO PUBLICO,0.03790323913450244
FALSEDAD MATERIAL EN DOCUMENTO PUBLICO,EMPLEO ILEGAL DE LA FUERZA PUBLICA,0.03690178795405019
FALSEDAD MATERIAL EN DOCUMENTO PUBLICO,ENRIQUECIMIENTO ILICITO DE PARTICULARES,0.018668216718322306
FALSEDAD MATERIAL EN DOCUMENTO PUBLICO,ESTAFA,0.3259492053657701
FALSEDAD MATERIAL EN DOCUMENTO PUBLICO,EXPLOTACION DE MENORES DE EDAD,0.004484269735123725
FALSEDAD MATERIAL EN DOCUMENTO PUBLICO,FALSA DENUNCIA,0.018525365458392118
FALSEDAD MATERIAL EN DOCUMENTO PUBLICO,FALSEDAD EN DOCUMENTO PRIVADO,0.41912416867928504
FALSEDAD MATERIAL EN DOCUMENTO PUBLICO,FALSEDAD IDEOLOGICA EN DOCUMENTO PUBLICO,0.040519781307102765
FALSEDAD MATERIAL EN DOCUMENTO PUBLICO,FALSEDAD MARCARIA,0.08170758479601903
FALSEDAD MATERIAL EN DOCUMENTO PUBLICO,FALSEDAD MATERIAL DE PARTICULAR EN DOCUMENTO PUBLICO,0.00917277899338298
FALSEDAD MATERIAL EN DOCUMENTO PUBLICO,FALSEDAD MATERIAL DE SERVIDOR PUBLICO EN DOCUMENTO PUBLICO,0.01963387008832329
FALSEDAD PERSONAL,ACCESO ABUSIVO A UN SISTEMA INFORMATICO,0.0036041241453256267
FALSEDAD PERSONAL,AMENAZAS,0.00696757522437963
FALSEDAD PERSONAL,COHECHO POR DAR U OFRECER,0.00830242665301506
FALSEDAD PERSONAL,ESTAFA,0.16838519860086232
FALSEDAD PERSONAL,FALSA DENUNCIA,0.0077054916944764296
FALSEDAD PERSONAL,FALSEDAD EN DOCUMENTO PRIVADO,0.04755027217677077
FALSEDAD PERSONAL,FALSEDAD IDEOLOGICA EN DOCUMENTO PUBLICO,0.002621807675116661
FALSEDAD PERSONAL,FALSEDAD MARCARIA,0.01506365864178083
FALSEDAD PERSONAL,FALSEDAD MATERIAL DE PARTICULAR EN DOCUMENTO PUBLICO,0.07440773865777894
FALSEDAD PERSONAL,FALSEDAD MATERIAL EN DOCUMENTO PUBLICO,0.11199159745862419
FALSIFICACION DE EFECTO OFICIAL TIMBRADO,CORRUPCION DE ALIMENTOS PRODUCTOS MEDICOS O MATERIAL PROFILACTICO,0.09824484027921587
FALSIFICACION DE EFECTO OFICIAL TIMBRADO,EJERCICIO ILICITO DE ACTIVIDAD MONOPOLISTICA DE ARBITRIO RENTISTICO,0.21304622868906542
FALSIFICACION DE MONEDA NACIONAL O EXTRANJERA,CONCIERTO PARA DELINQUIR,0.01222084042147309
FALSIFICACION O USO FRAUDULENTO DE SELLO OFICIAL,ESTAFA,0.08449043662734712
FALSIFICACION O USO FRAUDULENTO DE SELLO OFICIAL,FALSEDAD EN DOCUMENTO PRIVADO,0.04770617751194406
FALSIFICACION O USO FRAUDULENTO DE SELLO OFICIAL,FALSEDAD IDEOLOGICA EN DOCUMENTO PUBLICO,0.12542837757164416
FALSIFICACION O USO FRAUDULENTO DE SELLO OFICIAL,FALSEDAD PERSONAL,0.1044803017378193
FALSO TESTIMONIO,AMENAZAS A TESTIGO,0.07667781323691147
FALSO TESTIMONIO,DESTRUCCION SUPRESION U OCULTAMIENTO DE DOCUMENTO PUBLICO,0.08660370750724455
FALSO TESTIMONIO,EMPLEO ILEGAL DE LA FUERZA PUBLICA,0.2382075827137241
FALSO TESTIMONIO,FALSEDAD IDEOLOGICA EN DOCUMENTO PUBLICO,0.08336619112569532
FAVORECIMIENTO,AMENAZAS A TESTIGO,0.0338714881007256
FAVORECIMIENTO,DESTRUCCION SUPRESION U OCULTAMIENTO DE DOCUMENTO PUBLICO,0.008624678213959847
FAVORECIMIENTO,FALSEDAD MARCARIA,0.010438354493832347
FAVORECIMIENTO,FALSO TESTIMONIO,0.004244631762626239
FAVORECIMIENTO DE LA FUGA,ACTOS SEXUALES CON MENOR DE CATORCE AÑOS,0.010489459752497265
FAVORECIMIENTO DE LA FUGA,FALSEDAD MATERIAL EN DOCUMENTO PUBLICO,0.01963387008835682
FAVORECIMIENTO EN EL DELITO DE CONTRABANDO DE HIDROCARBUROS O SUS DERIVADOS,DESTINACIÓN ILEGAL DE COMBUSTIBLES,0.02286314156120195
FAVORECIMIENTO EN EL DELITO DE HURTO DE HIDROCARBUROS O SUS DERIVADOS,"APODERAMIENTO DE HIDROCARBUROS, SUS DERIVADOS, BIOCOMBUSTIBLES O MEZCLAS QUE LOS CONTENGAN",0.04807017640382827
FEMINICIDIO,ABORTO SIN CONSENTIMIENTO,0.050789870580657315
FEMINICIDIO,ACCESO CARNAL VIOLENTO,0.0007651024121391181
FINANCIACIÓN DEL TERRORISMO Y DE ACTIVIDADES DE DELINCUENCIA ORGANIZADA Y ADMINISTRACIÓN DE RECURSOS CON ACTIVIDADES TERRORISTAS Y DE DELINCUENCIA ORGANIZADA,ADMINISTRACION DE RECURSOS RELACIONADOS CON ACTIVIDADES TERRORISTAS,0.20712622232792632
FRAUDE A RESOLUCION JUDICIAL,ABUSO DE CONFIANZA,0.15078251453014258
FRAUDE PROCESAL,AMENAZAS A TESTIGO,0.010250290675481
FRAUDE PROCESAL,COHECHO POR DAR U OFRECER,7.9033204168244e-05
FRAUDE PROCESAL,DESTINACIÓN ILEGAL DE COMBUSTIBLES,0.01025029067541261
FRAUDE PROCESAL,DESTRUCCION SUPRESION U OCULTAMIENTO DE DOCUMENTO PUBLICO,0.11939808335956359
FRAUDE PROCESAL,EMPLEO ILEGAL DE LA FUERZA PUBLICA,0.06368426303788
FRAUDE PROCESAL,ENRIQUECIMIENTO ILICITO DE PARTICULARES,0.053625762892153817
FRAUDE PROCESAL,ESTAFA,0.2500583202751847
FRAUDE PROCESAL,EXPLOTACION DE MENORES DE EDAD,0.01654042385496257
FRAUDE PROCESAL,FALSA DENUNCIA CONTRA PERSONA DETERMINADA,0.029565134144404093
FRAUDE PROCESAL,FALSEDAD EN DOCUMENTO PRIVADO,0.33187329005891797
FRAUDE PROCESAL,FALSEDAD IDEOLOGICA EN DOCUMENTO PUBLICO,0.15761060873107402
FRAUDE PROCESAL,FALSEDAD MATERIAL DE PARTICULAR EN DOCUMENTO PUBLICO,0.08308846485910248
FRAUDE PROCESAL,FALSEDAD MATERIAL DE SERVIDOR PUBLICO EN DOCUMENTO PUBLICO,0.038634203815246515
FRAUDE PROCESAL,FALSEDAD MATERIAL EN DOCUMENTO PUBLICO,0.28894206636733577
FRAUDE PROCESAL,FALSEDAD PERSONAL,0.06453964392503497
FRAUDE PROCESAL,FALSO TESTIMONIO,0.20649101015994675
FUGA DE PRESOS,ATRACO A MANO ARMADA (NOTA:SOLO PARA JURISDICCION INDIGENA),0.023551505037638143
FUGA DE PRESOS,CALUMNIA,0.02355150503763581
FUGA DE PRESOS,EMPLEO O LANZAMIENTO DE SUSTANCIAS U OBJETOS PELIGROSOS,0.0003626818412856281
FUGA DE PRESOS,FALSEDAD PERSONAL,0.01603496419628625
GESTION INDEBIDA DE RECURSOS SOCIALES,CONCIERTO PARA DELINQUIR,0.00957901475753642
GESTION INDEBIDA DE RECURSOS SOCIALES,ESTAFA,0.19167740513689524
GESTION INDEBIDA DE RECURSOS SOCIALES,FALSEDAD MATERIAL EN DOCUMENTO PUBLICO,0.08283780651916006
GESTION INDEBIDA DE RECURSOS SOCIALES,FALSEDAD PERSONAL,0.20363910801677942
HOMICIDIO,DEPORTACION EXPULSION  TRASLADO O DESPLAZAMIENTO FORZADO DE POBLACION CIVIL,0.011398965961794794
HOMICIDIO,DESAPARICION FORZADA,0.08690233072729647
HOMICIDIO,DESPLAZAMIENTO FORZADO,0.016963578280101532
HOMICIDIO,FABRICACION  TRAFICO Y PORTE DE ARMAS Y MUNICIONES DE USO PRIVATIVO DE LAS FUERZAS ARMADAS,0.028675689282843586
HOMICIDIO,FABRICACION TRAFICO Y PORTE DE ARMAS DE FUEGO O MUNICIONES,0.2465113465231642
HOMICIDIO,"FABRICACIÓN, POSESIÓN Y TRÁFICO ILEGAL DE ARMAS DE FUEGO, MUNICIONES Y EXPLOSIVOS.",0.00012778067216834277
HOMICIDIO,"FABRICACIÓN, TRÁFICO, PORTE O TENENCIA DE ARMAS DE FUEGO, ACCESORIOS, PARTES O MUNICIONES",0.023757548953629803
HOMICIDIO,FALSA AUTOACUSACION,0.007121296693343937
HOMICIDIO,FALSA DENUNCIA CONTRA PERSONA DETERMINADA,0.0023913720907906555
HOMICIDIO,FINANCIACIÓN DEL TERRORISMO Y DE ACTIVIDADES DE DELINCUENCIA ORGANIZADA Y ADMINISTRACIÓN DE RECURSOS CON ACTIVIDADES TERRORISTAS Y DE DELINCUENCIA ORGANIZADA,0.005433882805118029
HOMICIDIO EN PERSONA PROTEGIDA,ACTOS DE BARBARIE,0.12467790772800058
HOMICIDIO EN PERSONA PROTEGIDA,AMENAZAS,0.011944221651815634
HOMICIDIO EN PERSONA PROTEGIDA,CONCIERTO PARA DELINQUIR,0.045606800953477244
HOMICIDIO EN PERSONA PROTEGIDA,DE LA CONFORMACION DE GRUPOS ARMADOS AL MARGEN DE LA LEY,0.07569082920544223
HOMICIDIO EN PERSONA PROTEGIDA,DEPORTACION EXPULSION  TRASLADO O DESPLAZAMIENTO FORZADO DE POBLACION CIVIL,0.27641391246366753
HOMICIDIO EN PERSONA PROTEGIDA,DESAPARICION FORZADA,0.3458160133606125
HOMICIDIO EN PERSONA PROTEGIDA,DESPLAZAMIENTO FORZADO,0.07964091555900321
HOMICIDIO EN PERSONA PROTEGIDA,DESTRUCCION Y APROPIACION DE BIENES PROTEGIDOS,0.18506482859413453
HOMICIDIO EN PERSONA PROTEGIDA,HOMICIDIO,0.037275278375606735
HURTO,DAÑO EN BIEN AJENO,0.008135819076881656
HURTO DE HIDROCARBUROS O SUS DERIVADOS,CONCIERTO PARA DELINQUIR,0.01799356605423519
HURTO DE HIDROCARBUROS O SUS DERIVADOS,CONTAMINACION AMBIENTAL,0.02768981474897869
HURTO POR MEDIOS INFORMATICOS SEMEJANTES,ACCESO ABUSIVO A UN SISTEMA INFORMATICO,0.17650475413908984
HURTO POR MEDIOS INFORMATICOS SEMEJANTES,COHECHO POR DAR U OFRECER,0.0076075235242991646
HURTO POR MEDIOS INFORMATICOS SEMEJANTES,CONCIERTO PARA DELINQUIR,0.005114022525057105
HURTO POR MEDIOS INFORMATICOS SEMEJANTES,DAÑO INFORMATICO,0.11207120419959393
HURTO POR MEDIOS INFORMATICOS SEMEJANTES,ESTAFA,0.022964867173891124
HURTO POR MEDIOS INFORMATICOS SEMEJANTES,FALSEDAD EN DOCUMENTO PRIVADO,0.042860305929615206
HURTO POR MEDIOS INFORMATICOS SEMEJANTES,FALSEDAD MATERIAL DE PARTICULAR EN DOCUMENTO PUBLICO,0.002652455594307379
HURTO POR MEDIOS INFORMATICOS SEMEJANTES,FALSEDAD MATERIAL EN DOCUMENTO PUBLICO,0.024514835810541702
HURTO POR MEDIOS INFORMATICOS SEMEJANTES,FALSEDAD PARA OBTENER PRUEBA DE HECHO VERDADERO,0.06713479385174015
HURTO POR MEDIOS INFORMATICOS SEMEJANTES,FALSEDAD PERSONAL,0.022876954104177782
ILICITA EXPLOTACION COMERCIAL,CORRUPCION DE ALIMENTOS PRODUCTOS MEDICOS O MATERIAL PROFILACTICO,0.45674582089527926
ILICITA EXPLOTACION COMERCIAL,ENAJENACIÓN ILEGAL DE MEDICAMENTOS,0.18721942136466718
ILICITA EXPLOTACION COMERCIAL,ESTIMULO AL USO ILICITO,0.13267932644826907
ILÍCITA ACTIVIDAD DE PESCA,ILICITO APROVECHAMIENTO DE LOS RECURSOS NATURALES RENOVABLES,0.24249638977157717
IMITACION O SIMULACION DE ALIMENTOS PRODUCTOS O SUSTANCIAS,CORRUPCION DE ALIMENTOS PRODUCTOS MEDICOS O MATERIAL PROFILACTICO,0.336596245742118
IMITACION O SIMULACION DE ALIMENTOS PRODUCTOS O SUSTANCIAS,DEFRAUDACION A LOS DERECHOS PATRIMONIALES DE AUTOR,0.04785630665641638
IMITACION O SIMULACION DE ALIMENTOS PRODUCTOS O SUSTANCIAS,EJERCICIO ILICITO DE ACTIVIDAD MONOPOLISTICA DE ARBITRIO RENTISTICO,0.34907395476323966
IMITACION O SIMULACION DE ALIMENTOS PRODUCTOS O SUSTANCIAS,ENAJENACIÓN ILEGAL DE MEDICAMENTOS,0.32608657163659815
IMITACION O SIMULACION DE ALIMENTOS PRODUCTOS O SUSTANCIAS,ESTIMULO AL USO ILICITO,0.38912040193071695
IMITACION O SIMULACION DE ALIMENTOS PRODUCTOS O SUSTANCIAS,FALSEDAD MARCARIA,0.0033712132609510226
IMITACION O SIMULACION DE ALIMENTOS PRODUCTOS O SUSTANCIAS,FALSIFICACION DE EFECTO OFICIAL TIMBRADO,0.09908634216295109
IMITACION O SIMULACION DE ALIMENTOS PRODUCTOS O SUSTANCIAS,ILICITA EXPLOTACION COMERCIAL,0.21928769097218104
INCENDIO,AMENAZAS,0.01637707534160293
INCENDIO,DAÑO INFORMATICO,0.10076329100115033
INCENDIO,DESTRUCCION SUPRESION Y OCULTAMIENTO DE DOCUMENTO PRIVADO,0.2071438885001201
INCESTO,ACCESO CARNAL ABUSIVO CON MENOR DE CATORCE AÑOS,0.15713345114379218
INCESTO,ACCESO CARNAL O ACTO SEXUAL ABUSIVOS CON INCAPAZ DE RESISTIR,0.024891623230030913
INCESTO,ACCESO CARNAL O ACTO SEXUAL EN PERSONA PUESTA EN INCAPACIDAD DE RESISTIR,0.003893037894810103
INCESTO,ACCESO CARNAL VIOLENTO,0.09955112705522229
INCESTO,ACTOS SEXUALES CON MENOR DE CATORCE AÑOS,0.1253547208815472
INDUCCION A LA PROSTITUCION,ACTOS SEXUALES CON MENOR DE CATORCE AÑOS,0.013532734819879155
INDUCCION A LA PROSTITUCION,ESTIMULO A LA PROSTITUCION DE MENORES,0.2114368120308413
INJURIA POR VIAS DE HECHO,ACTO SEXUAL VIOLENTO,0.004038384767681702
INSEMINACION ARTIFICIAL O TRANSFERENCIA DE OVULO FECUNDADO NO CONSENTIDAS,DESTRUCCION SUPRESION U OCULTAMIENTO DE DOCUMENTO PUBLICO,0.27996172657170626
INSEMINACION ARTIFICIAL O TRANSFERENCIA DE OVULO FECUNDADO NO CONSENTIDAS,FALSEDAD IDEOLOGICA EN DOCUMENTO PUBLICO,0.12542837757158054
INSTIGACION AL TERRORISMO,AMENAZAS,0.14900312215332445
INTERCEPTACION DE DATOS INFORMATICOS,FALSEDAD MATERIAL EN DOCUMENTO PUBLICO,0.007308502673952666
INTERCEPTACION DE DATOS INFORMATICOS,HURTO POR MEDIOS INFORMATICOS SEMEJANTES,0.022703986120086728
INTERES INDEBIDO O ILICITO EN LA CELEBRACION DE CONTRATOS,COHECHO PROPIO,0.08562684669176868
INTERES INDEBIDO O ILICITO EN LA CELEBRACION DE CONTRATOS,CONTRATO SIN CUMPLIMIENTO DE REQUISITOS LEGALES,0.14836089656249152
INTERES INDEBIDO O ILICITO EN LA CELEBRACION DE CONTRATOS,ENRIQUECIMIENTO ILICITO ,0.060874986061547176
INTERES INDEBIDO O ILICITO EN LA CELEBRACION DE CONTRATOS,ENRIQUECIMIENTO ILICITO DE PARTICULARES,0.033730574801912105
INTERES INDEBIDO O ILICITO EN LA CELEBRACION DE CONTRATOS,FALSEDAD IDEOLOGICA EN DOCUMENTO PUBLICO,0.10322570050918145
INTIMIDACION (NOTA:SOLO PARA JURISDICCION INDIGENA),ACCESO CARNAL ABUSIVO CON MENOR DE CATORCE AÑOS,0.03362833574709434
INVASION DE AREAS DE ESPECIAL IMPORTANCIA ECOLOGICA,CONTAMINACION AMBIENTAL,0.1888020037545256
INVASION DE AREAS DE ESPECIAL IMPORTANCIA ECOLOGICA,CONTAMINACION AMBIENTAL POR EXPLOTACION DE YACIMIENTO MINERO O HIDROCARBURO,0.5246116358720587
INVASION DE AREAS DE ESPECIAL IMPORTANCIA ECOLOGICA,DAÑOS EN LOS RECURSOS NATURALES,0.5809720047121425
INVASION DE AREAS DE ESPECIAL IMPORTANCIA ECOLOGICA,"FABRICACIÓN, TRÁFICO Y PORTE DE ARMAS, MUNICIONES DE USO RESTRINGIDO, DE USO PRIVATIVO DE LAS FUERZAS ARMADAS O EXPLOSIVOS",0.002790122346642221
INVASION DE AREAS DE ESPECIAL IMPORTANCIA ECOLOGICA,ILICITO APROVECHAMIENTO DE LOS RECURSOS NATURALES RENOVABLES,0.10306362675177716
INVASION DE AREAS DE ESPECIAL IMPORTANCIA ECOLOGICA,ILÍCITA ACTIVIDAD DE PESCA,0.6596054759014817
INVASION DE TIERRAS O EDIFICACIONES,ESTAFA,0.008788552666914473
IRRESPETO A CADAVERES,ACCESO CARNAL VIOLENTO,0.031303299986852995
LAVADO DE ACTIVOS,CONCIERTO PARA DELINQUIR,0.0028626879930376825
LAVADO DE ACTIVOS,DEPORTACION EXPULSION  TRASLADO O DESPLAZAMIENTO FORZADO DE POBLACION CIVIL,0.03368632681433703
LAVADO DE ACTIVOS,ENRIQUECIMIENTO ILICITO ,0.15906030883753686
LAVADO DE ACTIVOS,ENRIQUECIMIENTO ILICITO DE PARTICULARES,0.14803147298432306
LAVADO DE ACTIVOS,FRAUDE PROCESAL,0.03954715278047838
LESIONES CULPOSAS,ESTAFA,0.024850377289751258
LESIONES CULPOSAS,FAVORECIMIENTO,0.000144406194671598
LESIONES CULPOSAS,HOMICIDIO CULPOSO,0.16892070452530172
LESIONES CULPOSAS,HURTO POR MEDIOS INFORMATICOS SEMEJANTES,0.004579141857946389
LESIONES CULPOSAS,INJURIA,0.051979119466855406
LESIONES EN PERSONA PROTEGIDA,DEPORTACION EXPULSION  TRASLADO O DESPLAZAMIENTO FORZADO DE POBLACION CIVIL,0.319206634123433
LESIONES EN PERSONA PROTEGIDA,DESAPARICION FORZADA,0.05118925416812259
LESIONES EN PERSONA PROTEGIDA,HOMICIDIO EN PERSONA PROTEGIDA,0.14713453768696083
LESIONES PERSONALES,ACTOS DE TERRORISMO,0.00439336468303031
LESIONES PERSONALES,CALUMNIA,0.008625802173270913
LESIONES PERSONALES,DAÑO EN BIEN AJENO,0.048449293744979416
LESIONES PERSONALES,FABRICACION TRAFICO Y PORTE DE ARMAS DE FUEGO O MUNICIONES,0.005656511586314306
LESIONES PERSONALES,HOMICIDIO,0.018272262659187688
LESIONES PERSONALES,HURTO,0.04860313687007245
LESIONES PERSONALES CAUSANDO INCAPACIDAD PARA TRABAJAR O ENFERMEDAD.,DAÑO EN BIEN AJENO,0.008367980317706247
LESIONES PERSONALES CAUSANDO PERDIDA ANATOMICA O FUNCIONAL DE UN ORGANO O MIEMBRO.,CONSERVACION O FINANCIACION DE PLANTACIONES,0.0560191874349949
LESIONES PERSONALES CAUSANDO PERTURBACION FUNCIONAL,LESIONES PERSONALES CAUSANDO DEFORMIDAD,0.10372967252149357
LESIONES PERSONALES CAUSANDO PERTURBACION PSIQUICA,ACCESO CARNAL ABUSIVO CON MENOR DE CATORCE AÑOS,0.01659458322056573
LESIONES PERSONALES CAUSANDO PERTURBACION PSIQUICA,ACCESO CARNAL VIOLENTO,0.03364057291863731
LESIONES PERSONALES CAUSANDO PERTURBACION PSIQUICA,ACTO SEXUAL VIOLENTO,0.044699621479823204
LESIONES PERSONALES CAUSANDO PERTURBACION PSIQUICA,ACTOS SEXUALES CON MENOR DE CATORCE AÑOS,0.00970367562179586
MALTRATO MEDIANTE RESTRICCION A LA LIBERTAD FISICA,EJERCICIO ARBITRARIO DE LA CUSTODIA DE HIJO MENOR DE EDAD,0.5684074500979768
MANIPULACION FRAUDULENTA DE ESPECIES INSCRITAS EN EL REGISTRO NACIONAL DE VALORES E INTERMEDIARIOS,CAPTACION MASIVA Y HABITUAL DE DINEROS,0.659575251325857
MANIPULACION FRAUDULENTA DE ESPECIES INSCRITAS EN EL REGISTRO NACIONAL DE VALORES E INTERMEDIARIOS,ESTAFA,0.084084372081345
MANIPULACIÓN DE EQUIPOS TERMINALES MÓVILES,FALSO TESTIMONIO,0.07032690654242346
OBSTACULIZACION ILEGITIMA DE SISTEMA INFORMATICO O RED DE TELECOMUNICACION,ABUSO DE CONFIANZA,0.04784781035814034
OBSTACULIZACION ILEGITIMA DE SISTEMA INFORMATICO O RED DE TELECOMUNICACION,ACCESO ABUSIVO A UN SISTEMA INFORMATICO,0.11054274526898089
OBSTACULIZACION ILEGITIMA DE SISTEMA INFORMATICO O RED DE TELECOMUNICACION,ESTAFA,0.0016855519412576347
OBSTACULIZACION ILEGITIMA DE SISTEMA INFORMATICO O RED DE TELECOMUNICACION,FALSEDAD EN DOCUMENTO PRIVADO,0.009069263082656875
OBSTACULIZACION ILEGITIMA DE SISTEMA INFORMATICO O RED DE TELECOMUNICACION,HURTO POR MEDIOS INFORMATICOS SEMEJANTES,0.017986287721362015
OBTENCION DE DOCUMENTO PUBLICO FALSO,ABIGEATO,0.03952883831645726
OBTENCION DE DOCUMENTO PUBLICO FALSO,ACCESO ABUSIVO A UN SISTEMA INFORMATICO,0.005820869270349638
OBTENCION DE DOCUMENTO PUBLICO FALSO,ALTERACION DESFIGURACION Y SUPLANTACION DE MARCAS DE GANADO,0.17173156479237084
OBTENCION DE DOCUMENTO PUBLICO FALSO,EMPLEO ILEGAL DE LA FUERZA PUBLICA,0.11524992627100417
OBTENCION DE DOCUMENTO PUBLICO FALSO,ESTAFA,0.2752784125539276
OBTENCION DE DOCUMENTO PUBLICO FALSO,FALSEDAD EN DOCUMENTO PRIVADO,0.24995830761501858
OBTENCION DE DOCUMENTO PUBLICO FALSO,FALSEDAD IDEOLOGICA EN DOCUMENTO PUBLICO,0.018716732155061533
OBTENCION DE DOCUMENTO PUBLICO FALSO,FALSEDAD MATERIAL DE PARTICULAR EN DOCUMENTO PUBLICO,0.0563581705414834
OBTENCION DE DOCUMENTO PUBLICO FALSO,FALSEDAD MATERIAL EN DOCUMENTO PUBLICO,0.20666358311258604
OBTENCION DE DOCUMENTO PUBLICO FALSO,FALSEDAD PERSONAL,0.04816209090701684
OBTENCION DE DOCUMENTO PUBLICO FALSO,FALSO TESTIMONIO,0.002343630067183966
OBTENCION DE DOCUMENTO PUBLICO FALSO,FRAUDE PROCESAL,0.47453869070831745
OCULTAMIENTO  RETENCION Y POSESION ILICITA DE CEDULA,ESTAFA,0.03148825588274995
OCULTAMIENTO  RETENCION Y POSESION ILICITA DE CEDULA,HURTO POR MEDIOS INFORMATICOS SEMEJANTES,0.15558298989999997
OCULTAMIENTO  RETENCION Y POSESION ILICITA DE CEDULA,LESIONES CULPOSAS,0.19905435491478096
"OCULTAMIENTO, ALTERACIÓN O DESTRUCCIÓN DE ELEMENTO MATERIAL PROBATORIO",COHECHO PROPIO,0.05436029512629237
"OCULTAMIENTO, ALTERACIÓN O DESTRUCCIÓN DE ELEMENTO MATERIAL PROBATORIO",FALSEDAD MATERIAL DE PARTICULAR EN DOCUMENTO PUBLICO,0.020453435327764335
"OCULTAMIENTO, ALTERACIÓN O DESTRUCCIÓN DE ELEMENTO MATERIAL PROBATORIO",FRAUDE PROCESAL,0.003539918968280209
OMISION DEL AGENTE RETENEDOR O RECAUDADOR,DEL TRAFICO DE MIGRANTES,0.10840786497016697
OMISION DEL AGENTE RETENEDOR O RECAUDADOR,FALSEDAD IDEOLOGICA EN DOCUMENTO PUBLICO,0.0540880669000281
OMISION DEL AGENTE RETENEDOR O RECAUDADOR,LAVADO DE ACTIVOS,0.013207606796588611
PECULADO CULPOSO,ABUSO DE FUNCION PUBLICA,0.25174176423404326
PECULADO CULPOSO,CONTRATO SIN CUMPLIMIENTO DE REQUISITOS LEGALES,0.1381606914180734
PECULADO CULPOSO,EJERCICIO ILICITO DE ACTIVIDAD MONOPOLISTICA DE ARBITRIO RENTISTICO,0.061478683876678986
PECULADO POR APLICACION OFICIAL DIFERENTE,CONTRATO SIN CUMPLIMIENTO DE REQUISITOS LEGALES,0.0389442403534096
PECULADO POR APLICACION OFICIAL DIFERENTE,FALSEDAD IDEOLOGICA EN DOCUMENTO PUBLICO,0.0340237750284329
PECULADO POR APROPIACION,ABUSO DE CONFIANZA,0.0006117955705469136
PECULADO POR APROPIACION,CONTRATO SIN CUMPLIMIENTO DE REQUISITOS LEGALES,0.30319564874970373
PECULADO POR APROPIACION,DESTRUCCION SUPRESION U OCULTAMIENTO DE DOCUMENTO PUBLICO,0.13731971220739303
PECULADO POR APROPIACION,FALSEDAD EN DOCUMENTO PRIVADO,0.11079493566375387
PECULADO POR APROPIACION,FALSEDAD IDEOLOGICA EN DOCUMENTO PUBLICO,0.36531868267068335
PECULADO POR APROPIACION,FALSEDAD MATERIAL EN DOCUMENTO PUBLICO,0.08009723934196422
PECULADO POR APROPIACION,FALSO TESTIMONIO,0.05615110800348566
PECULADO POR APROPIACION,FRAUDE PROCESAL,0.16829035210953247
PECULADO POR APROPIACION,INTERES INDEBIDO O ILICITO EN LA CELEBRACION DE CONTRATOS,0.14092742395926616
PECULADO POR APROPIACION,"OCULTAMIENTO, ALTERACIÓN O DESTRUCCIÓN DE ELEMENTO MATERIAL PROBATORIO",0.011092316148322845
PECULADO POR APROPIACION,OMISION DEL AGENTE RETENEDOR O RECAUDADOR,0.006350392978308972
PECULADO POR APROPIACION,PECULADO CULPOSO,0.03307708675369114
PECULADO POR APROPIACION,PECULADO POR APLICACION OFICIAL DIFERENTE,0.01976710121249381
PECULADO POR EXTENSION,FALSEDAD MATERIAL EN DOCUMENTO PUBLICO,0.03690178795406607
PECULADO POR EXTENSION,FRAUDE PROCESAL,0.06368426303786301
PECULADO POR EXTENSION,PECULADO POR APROPIACION,0.08793568639022653
PECULADO POR USO,ABUSO DE FUNCION PUBLICA,0.18511222995408882
PECULADO POR USO,DESTINACION ILICITA DE MUEBLES O INMUEBLES,0.00010121150925079814
PECULADO POR USO,FALSEDAD IDEOLOGICA EN DOCUMENTO PUBLICO,0.033896968689066886
PECULADO POR USO,PECULADO CULPOSO,0.2517200038927412
PECULADO SOBRE BIENES DE DOTACION,DESOBEDIENCIA,0.9999999999991549
PERTURBACION EN SERVICIO DE TRANSPORTE COLECTIVO U OFICIAL,ASONADA,0.20712477466489398
PERTURBACION EN SERVICIO DE TRANSPORTE COLECTIVO U OFICIAL,CONSTREÑIMIENTO ILEGAL,0.052184586320785264
PORNOGRAFIA CON MENORES,ACCESO CARNAL ABUSIVO CON MENOR DE CATORCE AÑOS,0.009130575038253208
PORNOGRAFIA CON MENORES,ACTOS SEXUALES CON MENOR DE CATORCE AÑOS,0.05629145887074294
PORNOGRAFIA CON MENORES,ESTIMULO A LA PROSTITUCION DE MENORES,0.10439224873811548
PREVARICATO POR ACCION,ABUSO DE FUNCION PUBLICA,0.2479532728603009
PREVARICATO POR ACCION,CELEBRACION INDEBIDA DE CONTRATOS DE SEGUROS,0.1466568907665906
PREVARICATO POR ACCION,COHECHO PROPIO,0.06100921658206826
PREVARICATO POR ACCION,CONCUSION,0.09165552961155632
PREVARICATO POR ACCION,CONTRATO SIN CUMPLIMIENTO DE REQUISITOS LEGALES,0.0044215564991610945
PREVARICATO POR ACCION,DESTRUCCION SUPRESION U OCULTAMIENTO DE DOCUMENTO PUBLICO,0.02793600643040106
PREVARICATO POR ACCION,FALSEDAD IDEOLOGICA EN DOCUMENTO PUBLICO,0.14683121329691828
PREVARICATO POR ACCION,FRAUDE PROCESAL,0.03320531762880352
PREVARICATO POR ACCION,PECULADO POR APLICACION OFICIAL DIFERENTE,0.3377022596166984
PREVARICATO POR ACCION,PECULADO POR APROPIACION,0.08546853578930302
PREVARICATO POR OMISION,COHECHO PROPIO,0.04570462203361614
PREVARICATO POR OMISION,CONCUSION,0.02448943949262883
PREVARICATO POR OMISION,CONTRATO SIN CUMPLIMIENTO DE REQUISITOS LEGALES,0.06368497691732089
PREVARICATO POR OMISION,FALSEDAD IDEOLOGICA EN DOCUMENTO PUBLICO,0.13510615937425208
PREVARICATO POR OMISION,FAVORECIMIENTO DE LA FUGA,0.25172865665328126
PREVARICATO POR OMISION,FRAUDE PROCESAL,0.0004957782693123525
PREVARICATO POR OMISION,PECULADO POR APROPIACION,0.12407562382221982
PREVARICATO POR OMISION,PECULADO POR USO,0.1246054160645228
PROLONGACION ILICITA DE PRIVACION DE LA LIBERTAD,CONCUSION,0.1514181453095571
PROLONGACION ILICITA DE PRIVACION DE LA LIBERTAD,FALSEDAD IDEOLOGICA EN DOCUMENTO PUBLICO,0.12542837757156178
PROLONGACION ILICITA DE PRIVACION DE LA LIBERTAD,PREVARICATO POR ACCION,0.2162443801673608
PROPAGACION DEL VIRUS DE INMUNODEFICIENCIA HUMANA O DE LA HEPATITIS B,ACCESO CARNAL VIOLENTO,0.031303299986853994
PROPAGACION DEL VIRUS DE INMUNODEFICIENCIA HUMANA O DE LA HEPATITIS B,ACTOS SEXUALES CON MENOR DE CATORCE AÑOS,0.06992800704912772
PROXENITISMO CON MENOR DE EDAD,ESTIMULO A LA PROSTITUCION DE MENORES,0.3342893386282213
PROXENITISMO CON MENOR DE EDAD,INDUCCION A LA PROSTITUCION,0.4514693726557496
REBELION,ACTOS DE TERRORISMO,0.11095251482303858
REBELION,AMENAZAS,0.03754222867544732
REBELION,DAÑO EN BIEN AJENO,0.02868284442334945
REBELION,DESPOJO EN EL CAMPO DE BATALLA,0.05279658257161757
REBELION,DESTRUCCION Y APROPIACION DE BIENES PROTEGIDOS,0.030921044021861466
REBELION,"EMPLEO, PRODUCCION, COMERCIALIZACION Y ALMACENAMIENTO DE MINAS ANTIPERSONAL",0.08340863897547524
REBELION,EXACCION O CONTRIBUCIONES ARBITRARIAS,0.06404233456658692
REBELION,EXTORSION,0.014045871547572641
REBELION,FINANCIACIÓN DEL TERRORISMO Y DE ACTIVIDADES DE DELINCUENCIA ORGANIZADA Y ADMINISTRACIÓN DE RECURSOS CON ACTIVIDADES TERRORISTAS Y DE DELINCUENCIA ORGANIZADA,0.052472226121393906
REBELION,HOMICIDIO EN PERSONA PROTEGIDA,0.04338530325298018
RECEPTACION,FALSEDAD MARCARIA,0.24595849826442195
RECEPTACION,FALSEDAD MATERIAL DE PARTICULAR EN DOCUMENTO PUBLICO,0.0024761637135704007
RECEPTACION,FALSEDAD MATERIAL EN DOCUMENTO PUBLICO,0.008475626940865233
RECEPTACION,FAVORECIMIENTO,1.785339655646645e-05
RECEPTACION,MANIPULACIÓN DE EQUIPOS TERMINALES MÓVILES,0.062264739087080634
RECEPTACION DE HIDROCARBUROS,"APODERAMIENTO DE HIDROCARBUROS, SUS DERIVADOS, BIOCOMBUSTIBLES O MEZCLAS QUE LOS CONTENGAN",0.13082003801984576
RECEPTACION DE HIDROCARBUROS,HURTO DE HIDROCARBUROS O SUS DERIVADOS,0.01000938435440557
RECLUTAMIENTO ILICITO,CONSTREÑIMIENTO ILEGAL,0.028032632433420024
RECLUTAMIENTO ILICITO,DESAPARICION FORZADA,0.09205296570774779
RECLUTAMIENTO ILICITO,DESPLAZAMIENTO FORZADO,0.08852415479729314
RECLUTAMIENTO ILICITO,DESTRUCCION Y APROPIACION DE BIENES PROTEGIDOS,0.28671056153127905
RECLUTAMIENTO ILICITO,HOMICIDIO,0.009376818176637713
RECLUTAMIENTO ILICITO,HOMICIDIO EN PERSONA PROTEGIDA,0.11035804288878259
RECLUTAMIENTO ILICITO,REBELION,0.00019572417984548007
REVELACION DE SECRETO,CONCUSION,0.10078249825150598
SECUESTRO EXTORSIVO,CALUMNIA,0.04386281096938016
SECUESTRO EXTORSIVO,CONCIERTO PARA DELINQUIR,0.008313552648311795
SECUESTRO EXTORSIVO,DEPORTACION EXPULSION  TRASLADO O DESPLAZAMIENTO FORZADO DE POBLACION CIVIL,0.11136316803369917
SECUESTRO EXTORSIVO,DESAPARICION FORZADA,0.04342461632426753
SECUESTRO EXTORSIVO,DESPLAZAMIENTO FORZADO,0.02172090929039283
SECUESTRO EXTORSIVO,EMPLEO O LANZAMIENTO DE SUSTANCIAS U OBJETOS PELIGROSOS,0.010820909151579627
SECUESTRO EXTORSIVO,EXTORSION,0.003199613823194114
SECUESTRO EXTORSIVO,FABRICACION  TRAFICO Y PORTE DE ARMAS Y MUNICIONES DE USO PRIVATIVO DE LAS FUERZAS ARMADAS,0.012772368922854604
SECUESTRO EXTORSIVO,"FABRICACIÓN, POSESIÓN Y TRÁFICO ILEGAL DE ARMAS DE FUEGO, MUNICIONES Y EXPLOSIVOS.",0.001439767675099457
SECUESTRO EXTORSIVO,FINANCIACIÓN DEL TERRORISMO Y DE ACTIVIDADES DE DELINCUENCIA ORGANIZADA Y ADMINISTRACIÓN DE RECURSOS CON ACTIVIDADES TERRORISTAS Y DE DELINCUENCIA ORGANIZADA,0.01082090915160494
SECUESTRO EXTORSIVO,HOMICIDIO,0.0028059724200284464
SECUESTRO EXTORSIVO,HOMICIDIO EN PERSONA PROTEGIDA,0.048077958621568606
SECUESTRO EXTORSIVO,LESIONES EN PERSONA PROTEGIDA,0.015974607669592245
SECUESTRO EXTORSIVO,PECULADO POR USO,0.0026070122546048013
SECUESTRO EXTORSIVO,REBELION,0.06295849881369842
SECUESTRO SIMPLE,ACCESO CARNAL VIOLENTO,0.026367964607989736
SECUESTRO SIMPLE,ACCESO CARNAL VIOLENTO EN PERSONA PROTEGIDA,0.022110987145632977
SECUESTRO SIMPLE,AMENAZAS,7.503422585386499e-05
SECUESTRO SIMPLE,APODERAMIENTO DE AERONAVES NAVES O MEDIOS DE TRANSPORTE COLECTIVO,0.013237340247317597
SECUESTRO SIMPLE,CONCIERTO PARA DELINQUIR,0.006231769640593798
SECUESTRO SIMPLE,CONSTREÑIMIENTO ILEGAL,0.004039887728952918
SECUESTRO SIMPLE,DE LA CONFORMACION DE GRUPOS ARMADOS AL MARGEN DE LA LEY,0.006357488587230842
SECUESTRO SIMPLE,DESAPARICION FORZADA,0.05696696330790796
SECUESTRO SIMPLE,DESPLAZAMIENTO FORZADO,0.014744930757558006
SECUESTRO SIMPLE,DESTRUCCION Y APROPIACION DE BIENES PROTEGIDOS,0.009044364638552405
SECUESTRO SIMPLE,FABRICACION  TRAFICO Y PORTE DE ARMAS Y MUNICIONES DE USO PRIVATIVO DE LAS FUERZAS ARMADAS,0.008085251747258604
SECUESTRO SIMPLE,FABRICACION TRAFICO Y PORTE DE ARMAS DE FUEGO O MUNICIONES,0.058367434510635086
SECUESTRO SIMPLE,FALSEDAD MARCARIA,0.011838114784153642
SECUESTRO SIMPLE,HOMICIDIO,0.005896238110223773
SECUESTRO SIMPLE,HOMICIDIO EN PERSONA PROTEGIDA,0.07089737470251734
SECUESTRO SIMPLE,HURTO,0.006149686248118624
SECUESTRO SIMPLE,INTIMIDACION (NOTA:SOLO PARA JURISDICCION INDIGENA),0.022110987145674277
SECUESTRO SIMPLE,LESIONES EN PERSONA PROTEGIDA,0.003177988040582669
SECUESTRO SIMPLE,RECEPTACION,0.0006978778108611694
SECUESTRO SIMPLE,RECLUTAMIENTO ILICITO,0.016592821109599698
SECUESTRO SIMPLE,SECUESTRO EXTORSIVO,0.04839181087534994
SEDICION,FABRICACION  TRAFICO Y PORTE DE ARMAS Y MUNICIONES DE USO PRIVATIVO DE LAS FUERZAS ARMADAS,0.019234499023934815
SEDICION,FALSEDAD MARCARIA,0.006930705140429927
SEDICION,SECUESTRO EXTORSIVO,0.011580562955115892
SIMULACION DE INVESTIDURA O CARGO,ABUSO DE FUNCION PUBLICA,0.0583380088835721
SIMULACION DE INVESTIDURA O CARGO,AMENAZAS,0.00294027305145661
SIMULACION DE INVESTIDURA O CARGO,CONSTREÑIMIENTO ILEGAL,0.0020908255186617986
SIMULACION DE INVESTIDURA O CARGO,EMISION Y TRANSFERENCIA ILEGAL DE CHEQUE,0.07289424479525075
SIMULACION DE INVESTIDURA O CARGO,ESTAFA,0.04628429367947162
SIMULACION DE INVESTIDURA O CARGO,FALSEDAD EN DOCUMENTO PRIVADO,0.02752533498824461
SIMULACION DE INVESTIDURA O CARGO,FALSEDAD MARCARIA,0.04250112174772014
SIMULACION DE INVESTIDURA O CARGO,FALSEDAD PERSONAL,0.051229273047327606
SIMULACION DE INVESTIDURA O CARGO,PECULADO CULPOSO,0.08403822225833602
SIMULACION DE INVESTIDURA O CARGO,PECULADO POR USO,0.05826499355680159
SOBORNO,FALSO TESTIMONIO,0.2382075827134088
SOBORNO,FRAUDE PROCESAL,0.0636842630379576
SUMINISTRO A MENOR,ACCESO CARNAL O ACTO SEXUAL EN PERSONA PUESTA EN INCAPACIDAD DE RESISTIR,0.07229476729270379
SUMINISTRO A MENOR,AMENAZAS A TESTIGO,0.09505475689200638
SUMINISTRO A MENOR,CONCIERTO PARA DELINQUIR,0.0018219868944286954
SUMINISTRO A MENOR,CONSTREÑIMIENTO PARA DELINQUIR,0.07145697320122857
SUMINISTRO A MENOR,DESAPARICION FORZADA,0.004844391962401717
SUMINISTRO A MENOR,DESTINACION ILICITA DE MUEBLES O INMUEBLES,0.027286846741510273
SUMINISTRO A MENOR,FAVORECIMIENTO,0.009331159959734325
SUMINISTRO A MENOR,"OCULTAMIENTO, ALTERACIÓN O DESTRUCCIÓN DE ELEMENTO MATERIAL PROBATORIO",0.07145697320094602
SUPLANTACION DE SITIOS WEB PARA CAPTURAR DATOS PERSONALES,HURTO POR MEDIOS INFORMATICOS SEMEJANTES,0.04114334457281532
SUPRESION ALTERACION O SUPOSICION DEL ESTADO CIVIL,OBTENCION DE DOCUMENTO PUBLICO FALSO,0.11524992627089936
SUSTRACCION DE BIEN PROPIO,CONSTREÑIMIENTO ILEGAL,0.14338217319877344
TENENCIA FABRICACION Y TRAFICO DE SUSTANCIAS U OBJETOS PELIGROSOS,COHECHO POR DAR U OFRECER,0.032125400165861184
TERRORISMO,ACTOS DE TERRORISMO,0.037218081742775855
TERRORISMO,ADMINISTRACION DE RECURSOS RELACIONADOS CON ACTIVIDADES TERRORISTAS,0.019833704492558057
TERRORISMO,AMENAZAS,0.11675388310022661
TERRORISMO,CONCIERTO PARA DELINQUIR,0.02965862477128023
TERRORISMO,DAÑO EN BIEN AJENO,0.07187527381853054
TERRORISMO,DAÑO EN OBRAS O ELEMENTOS DE LOS SERVICIOS DE COMUNICACIONES ENERGIA Y COMBUSTIBLES,0.13025843947116744
TERRORISMO,DEPORTACION EXPULSION  TRASLADO O DESPLAZAMIENTO FORZADO DE POBLACION CIVIL,0.08569220375298059
TERRORISMO,DESAPARICION FORZADA,0.034166754279374434
TERRORISMO,EXTORSION,0.011366275416611615
TERRORISMO,FABRICACION  TRAFICO Y PORTE DE ARMAS Y MUNICIONES DE USO PRIVATIVO DE LAS FUERZAS ARMADAS,0.015935370846878127
TERRORISMO,"FABRICACIÓN, TRÁFICO Y PORTE DE ARMAS, MUNICIONES DE USO RESTRINGIDO, DE USO PRIVATIVO DE LAS FUERZAS ARMADAS O EXPLOSIVOS",0.009263558793862092
TERRORISMO,HOMICIDIO,0.03335326723398424
TERRORISMO,HOMICIDIO EN PERSONA PROTEGIDA,0.10988910816942121
TERRORISMO,INSTIGACION AL TERRORISMO,0.11007361706041796
TERRORISMO,LESIONES PERSONALES,0.0092667016557747
TERRORISMO,REBELION,0.20507651769492952
TERRORISMO,RECLUTAMIENTO ILICITO,0.01787095090204871
TERRORISMO,SECUESTRO EXTORSIVO,0.04633102575826509
TESTAFERRATO,DEPORTACION EXPULSION  TRASLADO O DESPLAZAMIENTO FORZADO DE POBLACION CIVIL,0.18721942136472935
TESTAFERRATO,DESPLAZAMIENTO FORZADO,0.0038931961117444347
TESTAFERRATO,ENRIQUECIMIENTO ILICITO DE PARTICULARES,0.0703269065426202
TESTAFERRATO,LAVADO DE ACTIVOS,0.1697704815066685
TOMA DE REHENES,ACTOS DE TERRORISMO,0.6246859030721685
TOMA DE REHENES,LESIONES PERSONALES,0.008625802173315211
TORTURA,CONCIERTO PARA DELINQUIR,0.0027794823557326653
TORTURA,CONSTREÑIMIENTO PARA DELINQUIR,0.030832337137095656
TORTURA,DESAPARICION FORZADA,0.1439815620644067
TORTURA,DESPLAZAMIENTO FORZADO,0.011411343034894106
TORTURA,HOMICIDIO,0.035123848005337854
TORTURA,HOMICIDIO EN PERSONA PROTEGIDA,0.012635568915077777
TORTURA,RECLUTAMIENTO ILICITO,0.030832337137078225
TORTURA,SECUESTRO EXTORSIVO,0.015149281682270255
TORTURA,SECUESTRO SIMPLE,0.0795803993019617
TORTURA EN PERSONA PROTEGIDA,ACCESO CARNAL VIOLENTO EN PERSONA PROTEGIDA,0.5684149279580042
TORTURA EN PERSONA PROTEGIDA,CONCIERTO PARA DELINQUIR,0.016746970078217682
TORTURA EN PERSONA PROTEGIDA,CONSTREÑIMIENTO ILEGAL,0.04573704570804438
TORTURA EN PERSONA PROTEGIDA,DEPORTACION EXPULSION  TRASLADO O DESPLAZAMIENTO FORZADO DE POBLACION CIVIL,0.2194810382923953
TORTURA EN PERSONA PROTEGIDA,DESAPARICION FORZADA,0.13248480053218825
TORTURA EN PERSONA PROTEGIDA,DESPLAZAMIENTO FORZADO,0.12803688988809825
TORTURA EN PERSONA PROTEGIDA,DESTRUCCION Y APROPIACION DE BIENES PROTEGIDOS,0.39571920454361253
TORTURA EN PERSONA PROTEGIDA,HOMICIDIO,0.02361213126402162
TORTURA EN PERSONA PROTEGIDA,HOMICIDIO EN PERSONA PROTEGIDA,0.21682651874690229
TORTURA EN PERSONA PROTEGIDA,RECLUTAMIENTO ILICITO,0.33428933862799926
TORTURA EN PERSONA PROTEGIDA,SECUESTRO EXTORSIVO,0.05801094775249127
TORTURA EN PERSONA PROTEGIDA,SECUESTRO SIMPLE,0.031117184991764413
TORTURA EN PERSONA PROTEGIDA,TERRORISMO,0.08569220375295972
TRAFICO DE MONEDA FALSIFICADA,FALSEDAD PERSONAL,0.005322991496375606
TRAFICO DE MONEDA FALSIFICADA,FALSIFICACION DE MONEDA NACIONAL O EXTRANJERA,0.18484085431413866
TRAFICO DE MONEDA FALSIFICADA,FRAUDE A RESOLUCIÓN JUDICIAL O ADMINISTRATIVA DE POLICÍA.,0.02325416728196661
TRAFICO DE MONEDA FALSIFICADA,OCULTAMIENTO  RETENCION Y POSESION ILICITA DE CEDULA,0.04611936859033594
TRAFICO DE SUSTANCIAS PARA PROCESAMIENTO DE NARCOTICOS,COHECHO POR DAR U OFRECER,0.0008399204129646565
TRAFICO DE SUSTANCIAS PARA PROCESAMIENTO DE NARCOTICOS,CONSERVACION O FINANCIACION DE PLANTACIONES,0.12467897081194612
TRAFICO DE SUSTANCIAS PARA PROCESAMIENTO DE NARCOTICOS,FAVORECIMIENTO EN EL DELITO DE CONTRABANDO DE HIDROCARBUROS O SUS DERIVADOS,0.004217047927676076
TRAFICO DE SUSTANCIAS PARA PROCESAMIENTO DE NARCOTICOS,"OCULTAMIENTO, ALTERACIÓN O DESTRUCCIÓN DE ELEMENTO MATERIAL PROBATORIO",0.004004148948324793
TRAFICO DE SUSTANCIAS PARA PROCESAMIENTO DE NARCOTICOS,SEDICION,0.00039666708867280853
TRAFICO ELABORACION Y TENENCIA DE ELEMENTOS DESTINADOS A LA FALSIFICACION DE MONEDA,CONSTREÑIMIENTO ILEGAL,0.01712858108131543
TRAFICO ELABORACION Y TENENCIA DE ELEMENTOS DESTINADOS A LA FALSIFICACION DE MONEDA,FALSIFICACION DE MONEDA NACIONAL O EXTRANJERA,0.18799619070958362
TRAFICO ELABORACION Y TENENCIA DE ELEMENTOS DESTINADOS A LA FALSIFICACION DE MONEDA,TRAFICO DE MONEDA FALSIFICADA,0.13697011596976782
TRAFICO FABRICACION O PORTE DE ESTUPEFACIENTES,CONCIERTO PARA DELINQUIR,0.07835393543558944
TRAFICO FABRICACION O PORTE DE ESTUPEFACIENTES,DESTINACION ILICITA DE MUEBLES O INMUEBLES,0.15001988921686005
TRAFICO FABRICACION O PORTE DE ESTUPEFACIENTES,SUMINISTRO A MENOR,0.004770621487873994
TRANSFERENCIA NO CONSENTIDA DE ACTIVOS,ENRIQUECIMIENTO ILICITO DE PARTICULARES,0.08455355165610545
TRANSFERENCIA NO CONSENTIDA DE ACTIVOS,HURTO POR MEDIOS INFORMATICOS SEMEJANTES,0.05060568966869561
TRATA DE PERSONAS,DEL TRAFICO DE MIGRANTES,0.03331420657483741
TRATA DE PERSONAS,ENRIQUECIMIENTO ILICITO DE PARTICULARES,0.035042925657688295
TRATA DE PERSONAS,INDUCCION A LA PROSTITUCION,0.2312958854184065
TRATA DE PERSONAS,LAVADO DE ACTIVOS,0.0371041222731191
TRATA DE PERSONAS,PROXENITISMO CON MENOR DE EDAD,0.10735860120282725
TRATA DE PERSONAS,TORTURA,0.016154432365122817
URBANIZACION ILEGAL,DAÑOS EN LOS RECURSOS NATURALES,0.05388085898138384
URBANIZACION ILEGAL,DESPLAZAMIENTO FORZADO,0.014422457948772505
URBANIZACION ILEGAL,EMISION Y TRANSFERENCIA ILEGAL DE CHEQUE,0.1402204788638286
URBANIZACION ILEGAL,ESTAFA,0.1629866779163689
URBANIZACION ILEGAL,FALSEDAD MATERIAL EN DOCUMENTO PUBLICO,0.03592251951155312
URBANIZACION ILEGAL,FALSEDAD PERSONAL,0.10399464943568693
URBANIZACION ILEGAL,GESTION INDEBIDA DE RECURSOS SOCIALES,0.7861402440500782
USO DE DOCUMENTO FALSO,DE LA CONFORMACION DE GRUPOS ARMADOS AL MARGEN DE LA LEY,0.000476549483823141
USO DE DOCUMENTO FALSO,DESTRUCCION SUPRESION U OCULTAMIENTO DE DOCUMENTO PUBLICO,0.03391351434897549
USO DE DOCUMENTO FALSO,EJERCICIO ILICITO DE ACTIVIDAD MONOPOLISTICA DE ARBITRIO RENTISTICO,0.007411746731953994
USO DE DOCUMENTO FALSO,ESTAFA,0.1755438253854299
USO DE DOCUMENTO FALSO,EXPLOTACION DE MENORES DE EDAD,0.008849953844712655
USO DE DOCUMENTO FALSO,FALSEDAD EN DOCUMENTO PRIVADO,0.11228875087713885
USO DE DOCUMENTO FALSO,FALSEDAD MARCARIA,0.105143756622336
USO DE DOCUMENTO FALSO,FALSEDAD MATERIAL DE PARTICULAR EN DOCUMENTO PUBLICO,0.021575549627793622
USO DE DOCUMENTO FALSO,FALSEDAD MATERIAL EN DOCUMENTO PUBLICO,0.10032606078026596
USO DE DOCUMENTO FALSO,FALSEDAD PERSONAL,0.1290930655711986
USO DE DOCUMENTO FALSO,FALSO TESTIMONIO,0.0012838339494039008
USO DE DOCUMENTO FALSO,FAVORECIMIENTO,0.009811521262757306
USO DE DOCUMENTO FALSO,FRAUDE PROCESAL,0.13319345591137266
USO DE DOCUMENTO FALSO,HURTO POR MEDIOS INFORMATICOS SEMEJANTES,0.02889101375039227
USO DE DOCUMENTO FALSO,OBTENCION DE DOCUMENTO PUBLICO FALSO,0.09085508648871032
USO DE DOCUMENTO FALSO,OCULTAMIENTO  RETENCION Y POSESION ILICITA DE CEDULA,0.046623352832833476
USO DE DOCUMENTO FALSO,PECULADO POR APROPIACION,0.025821671791504852
USO DE DOCUMENTO FALSO,RECEPTACION,0.08496773716080441
USO DE DOCUMENTO FALSO,SIMULACION DE INVESTIDURA O CARGO,0.03649298650493771
USO DE MENORES DE EDAD PARA LA COMISION DE DELITOS,CONCIERTO PARA DELINQUIR,0.10279892263011359
USO DE MENORES DE EDAD PARA LA COMISION DE DELITOS,DESPLAZAMIENTO FORZADO,0.05952492695648315
USO DE MENORES DE EDAD PARA LA COMISION DE DELITOS,DESTINACION ILICITA DE MUEBLES O INMUEBLES,0.08080280266411222
USO DE MENORES DE EDAD PARA LA COMISION DE DELITOS,EXTORSION,0.001794779274358338
USO DE MENORES DE EDAD PARA LA COMISION DE DELITOS,"LESIONES CON AGENTES QUIMICOS, ACIDO Y/O SUSTANCIAS SIMILARES",0.011857988376109296
USO DE MENORES DE EDAD PARA LA COMISION DE DELITOS,SUMINISTRO A MENOR,0.014156749056733142
USO DE MENORES DE EDAD PARA LA COMISION DE DELITOS,TRAFICO FABRICACION O PORTE DE ESTUPEFACIENTES,0.009493435863757949
USO DE SOFTWARE MALICIOSO,ACCESO ABUSIVO A UN SISTEMA INFORMATICO,0.2736208819967132
USO DE SOFTWARE MALICIOSO,FALSEDAD MATERIAL DE PARTICULAR EN DOCUMENTO PUBLICO,0.1184050592744309
USO DE SOFTWARE MALICIOSO,HURTO POR MEDIOS INFORMATICOS SEMEJANTES,0.06713479385198218
USURPACION DE FUNCIONES PUBLICAS,AMENAZAS,0.04285871359382387
USURPACION DE FUNCIONES PUBLICAS,ESTAFA,0.03791556999807233
USURPACION DE FUNCIONES PUBLICAS,FALSEDAD IDEOLOGICA EN DOCUMENTO PUBLICO,0.03389696868905179
USURPACION DE FUNCIONES PUBLICAS,FALSEDAD MATERIAL DE PARTICULAR EN DOCUMENTO PUBLICO,0.031244618409680958
USURPACION DE FUNCIONES PUBLICAS,TRATA DE PERSONAS,0.09779814440310697
USURPACION DE FUNCIONES PUBLICAS,USO DE DOCUMENTO FALSO,0.0036480738931132795
USURPACION DE MARCAS Y PATENTES,CORRUPCION DE ALIMENTOS PRODUCTOS MEDICOS O MATERIAL PROFILACTICO,0.05417528476454936
USURPACION DE MARCAS Y PATENTES,EJERCICIO ILICITO DE ACTIVIDAD MONOPOLISTICA DE ARBITRIO RENTISTICO,0.20091422812170234
USURPACION DE MARCAS Y PATENTES,FALSIFICACION DE MONEDA NACIONAL O EXTRANJERA,0.05814011364498106
USURPACION DE MARCAS Y PATENTES,IMITACION O SIMULACION DE ALIMENTOS PRODUCTOS O SUSTANCIAS,0.2070070214881662
USURPACION DE MARCAS Y PATENTES,USO DE DOCUMENTO FALSO,0.008516789828998839
USURPACIÓN DE DERECHOS DE PROPIEDAD INDUSTRIAL Y DERECHOS DE OBTENTORES DE VARIEDADES VEGETALES,CIRCULACION Y USO DE EFECTO OFICIAL O SELLO FALSIFICADO,0.08373230166242807
USURPACIÓN DE DERECHOS DE PROPIEDAD INDUSTRIAL Y DERECHOS DE OBTENTORES DE VARIEDADES VEGETALES,CONCIERTO PARA DELINQUIR,0.011370696875853126
USURPACIÓN DE DERECHOS DE PROPIEDAD INDUSTRIAL Y DERECHOS DE OBTENTORES DE VARIEDADES VEGETALES,CORRUPCION DE ALIMENTOS PRODUCTOS MEDICOS O MATERIAL PROFILACTICO,0.6809961555516835
USURPACIÓN DE DERECHOS DE PROPIEDAD INDUSTRIAL Y DERECHOS DE OBTENTORES DE VARIEDADES VEGETALES,DEFRAUDACION A LOS DERECHOS PATRIMONIALES DE AUTOR,0.015474535058284666
USURPACIÓN DE DERECHOS DE PROPIEDAD INDUSTRIAL Y DERECHOS DE OBTENTORES DE VARIEDADES VEGETALES,EJERCICIO ILICITO DE ACTIVIDAD MONOPOLISTICA DE ARBITRIO RENTISTICO,0.3955486456616286
USURPACIÓN DE DERECHOS DE PROPIEDAD INDUSTRIAL Y DERECHOS DE OBTENTORES DE VARIEDADES VEGETALES,ENAJENACIÓN ILEGAL DE MEDICAMENTOS,0.4243831414220305
USURPACIÓN DE DERECHOS DE PROPIEDAD INDUSTRIAL Y DERECHOS DE OBTENTORES DE VARIEDADES VEGETALES,ESTIMULO AL USO ILICITO,0.5272281228021716
USURPACIÓN DE DERECHOS DE PROPIEDAD INDUSTRIAL Y DERECHOS DE OBTENTORES DE VARIEDADES VEGETALES,FALSIFICACION DE EFECTO OFICIAL TIMBRADO,0.10739290101314058
USURPACIÓN DE DERECHOS DE PROPIEDAD INDUSTRIAL Y DERECHOS DE OBTENTORES DE VARIEDADES VEGETALES,ILICITA EXPLOTACION COMERCIAL,0.4289556513556406
USURPACIÓN DE DERECHOS DE PROPIEDAD INDUSTRIAL Y DERECHOS DE OBTENTORES DE VARIEDADES VEGETALES,IMITACION O SIMULACION DE ALIMENTOS PRODUCTOS O SUSTANCIAS,0.7073908189307652
USURPACIÓN DE DERECHOS DE PROPIEDAD INDUSTRIAL Y DERECHOS DE OBTENTORES DE VARIEDADES VEGETALES,USO DE DOCUMENTO FALSO,0.0017750147581948594
USURPACIÓN DE DERECHOS DE PROPIEDAD INDUSTRIAL Y DERECHOS DE OBTENTORES DE VARIEDADES VEGETALES,USO ILEGITIMO DE PATENTES,0.1607584967108966
USURPACIÓN DE DERECHOS DE PROPIEDAD INDUSTRIAL Y DERECHOS DE OBTENTORES DE VARIEDADES VEGETALES,USURPACION DE MARCAS Y PATENTES,0.22277101252709164
UTILIZACION DE MEDIOS Y METODOS DE GUERRA ILICITOS,DAÑO EN BIEN AJENO,0.08330384549478298
UTILIZACION DE MEDIOS Y METODOS DE GUERRA ILICITOS,DESTRUCCION Y APROPIACION DE BIENES PROTEGIDOS,0.48941792841449316
UTILIZACION DE MEDIOS Y METODOS DE GUERRA ILICITOS,HOMICIDIO EN PERSONA PROTEGIDA,0.19748879275262465
UTILIZACION DE MEDIOS Y METODOS DE GUERRA ILICITOS,REBELION,0.08958703121133604
UTILIZACION DE MEDIOS Y METODOS DE GUERRA ILICITOS,TERRORISMO,0.10988448721140354
UTILIZACION ILEGAL DE UNIFORMES E INSIGNIAS,AMENAZAS,0.029203968084408616
UTILIZACION ILEGAL DE UNIFORMES E INSIGNIAS,CALUMNIA,0.06762364759851036
UTILIZACION ILEGAL DE UNIFORMES E INSIGNIAS,COHECHO POR DAR U OFRECER,0.006675173991822048
UTILIZACION ILEGAL DE UNIFORMES E INSIGNIAS,CONCIERTO PARA DELINQUIR,0.05041780940838758
UTILIZACION ILEGAL DE UNIFORMES E INSIGNIAS,DESTRUCCION Y APROPIACION DE BIENES PROTEGIDOS,0.04144580094755135
UTILIZACION ILEGAL DE UNIFORMES E INSIGNIAS,EMPLEO O LANZAMIENTO DE SUSTANCIAS U OBJETOS PELIGROSOS,0.022856738071063587
UTILIZACION ILEGAL DE UNIFORMES E INSIGNIAS,FABRICACION  TRAFICO Y PORTE DE ARMAS Y MUNICIONES DE USO PRIVATIVO DE LAS FUERZAS ARMADAS,0.07939670282260003
UTILIZACION ILEGAL DE UNIFORMES E INSIGNIAS,FABRICACION TRAFICO Y PORTE DE ARMAS DE FUEGO O MUNICIONES,0.03524354587531087
UTILIZACION ILEGAL DE UNIFORMES E INSIGNIAS,"FABRICACIÓN, POSESIÓN Y TRÁFICO ILEGAL DE ARMAS DE FUEGO, MUNICIONES Y EXPLOSIVOS.",0.01231715770036601
UTILIZACION ILEGAL DE UNIFORMES E INSIGNIAS,"FABRICACIÓN, TRÁFICO Y PORTE DE ARMAS, MUNICIONES DE USO RESTRINGIDO, DE USO PRIVATIVO DE LAS FUERZAS ARMADAS O EXPLOSIVOS",0.04293224967851561
UTILIZACION ILEGAL DE UNIFORMES E INSIGNIAS,FALSEDAD PERSONAL,0.007000301706844181
UTILIZACION ILEGAL DE UNIFORMES E INSIGNIAS,RECLUTAMIENTO ILICITO,0.03167435290350595
UTILIZACION ILEGAL DE UNIFORMES E INSIGNIAS,SECUESTRO EXTORSIVO,0.013705078471075272
UTILIZACION ILEGAL DE UNIFORMES E INSIGNIAS,SECUESTRO SIMPLE,0.027092610427418284
UTILIZACION ILEGAL DE UNIFORMES E INSIGNIAS,SIMULACION DE INVESTIDURA O CARGO,0.0943002142170718
UTILIZACION ILEGAL DE UNIFORMES E INSIGNIAS,TERRORISMO,0.00846869379428361
UTILIZACION ILEGAL DE UNIFORMES E INSIGNIAS,TORTURA EN PERSONA PROTEGIDA,0.014570538135528222
UTILIZACION ILICITA DE EQUIPOS TRANSMISORES O RECEPTORES,CONCIERTO PARA DELINQUIR,0.043229437963683726
UTILIZACION ILICITA DE EQUIPOS TRANSMISORES O RECEPTORES,DE LA CONFORMACION DE GRUPOS ARMADOS AL MARGEN DE LA LEY,0.0577174956100861
UTILIZACION ILICITA DE EQUIPOS TRANSMISORES O RECEPTORES,FABRICACION  TRAFICO Y PORTE DE ARMAS Y MUNICIONES DE USO PRIVATIVO DE LAS FUERZAS ARMADAS,0.08792711606677006
UTILIZACION ILICITA DE EQUIPOS TRANSMISORES O RECEPTORES,FABRICACION TRAFICO Y PORTE DE ARMAS DE FUEGO O MUNICIONES,0.003456575829525854
UTILIZACION ILICITA DE EQUIPOS TRANSMISORES O RECEPTORES,INVASION DE TIERRAS O EDIFICACIONES,0.11580104581996276
UTILIZACION ILICITA DE EQUIPOS TRANSMISORES O RECEPTORES,SEDICION,0.039892537453512844
UTILIZACION ILICITA DE EQUIPOS TRANSMISORES O RECEPTORES,SIMULACION DE INVESTIDURA O CARGO,0.012936021570694178
UTILIZACION ILICITA DE EQUIPOS TRANSMISORES O RECEPTORES,UTILIZACION ILEGAL DE UNIFORMES E INSIGNIAS,0.03579776335052054
UTILIZACION O FACILITACION DE MEDIOS DE COMUNICACION PARA OFRECER ACTIVIDADES SEXUALES CON PERSONAS MENORES DE 18 AÑOS,ACTOS SEXUALES CON MENOR DE CATORCE AÑOS,0.04287173499017205
UTILIZACION O FACILITACION DE MEDIOS DE COMUNICACION PARA OFRECER ACTIVIDADES SEXUALES CON PERSONAS MENORES DE 18 AÑOS,DEMANDA DE EXPLOTACION SEXUAL COMERCIAL DE PERSONA MENOR DE 18 AÑOS DE EDAD,0.2736003172963446
UTILIZACION O FACILITACION DE MEDIOS DE COMUNICACION PARA OFRECER ACTIVIDADES SEXUALES CON PERSONAS MENORES DE 18 AÑOS,INDUCCION A LA PROSTITUCION,0.2517286566530681
UTILIZACION O FACILITACION DE MEDIOS DE COMUNICACION PARA OFRECER ACTIVIDADES SEXUALES CON PERSONAS MENORES DE 18 AÑOS,PROXENITISMO CON MENOR DE EDAD,0.3957192045431829
UTILIZACION O FACILITACION DE MEDIOS DE COMUNICACION PARA OFRECER ACTIVIDADES SEXUALES CON PERSONAS MENORES DE 18 AÑOS,TRATA DE PERSONAS,0.20163290862410188
UTILIZACIÓN ILÍCITA DE REDES DE COMUNICACIONES,CONCIERTO PARA DELINQUIR,0.010896700950684846
UTILIZACIÓN ILÍCITA DE REDES DE COMUNICACIONES,"FABRICACIÓN, TRÁFICO Y PORTE DE ARMAS, MUNICIONES DE USO RESTRINGIDO, DE USO PRIVATIVO DE LAS FUERZAS ARMADAS O EXPLOSIVOS",0.03596222243900038
UTILIZACIÓN ILÍCITA DE REDES DE COMUNICACIONES,PORNOGRAFIA CON MENORES,0.060367562332626856
UTILIZACIÓN ILÍCITA DE REDES DE COMUNICACIONES,UTILIZACION ILEGAL DE UNIFORMES E INSIGNIAS,0.012542075184395318
VIOLACION A LOS DERECHOS MORALES DE AUTOR,DEFRAUDACION A LOS DERECHOS PATRIMONIALES DE AUTOR,0.12614876036116907
VIOLACION A LOS MECANISMOS DE PROTECCION DE LOS DERECHOS PATRIMONIALES DE AUTOR Y OTRAS DEFRAUDACIONES,CORRUPCION DE ALIMENTOS PRODUCTOS MEDICOS O MATERIAL PROFILACTICO,0.0762562802644905
VIOLACION A LOS MECANISMOS DE PROTECCION DE LOS DERECHOS PATRIMONIALES DE AUTOR Y OTRAS DEFRAUDACIONES,FUGA DE PRESOS,0.004014949361059839
VIOLACION A LOS MECANISMOS DE PROTECCION DE LOS DERECHOS PATRIMONIALES DE AUTOR Y OTRAS DEFRAUDACIONES,IMITACION O SIMULACION DE ALIMENTOS PRODUCTOS O SUSTANCIAS,0.0769539887827202
VIOLACION DE DATOS PERSONALES,ACCESO ABUSIVO A UN SISTEMA INFORMATICO,0.13902919914884493
VIOLACION DE DATOS PERSONALES,COHECHO PROPIO,0.0008906164777480186
VIOLACION DE DATOS PERSONALES,CONCIERTO PARA DELINQUIR,0.005361046601756181
VIOLACION DE DATOS PERSONALES,DAÑO INFORMATICO,0.07777828589871494
VIOLACION DE DATOS PERSONALES,ESTAFA,0.02854174215468841
VIOLACION DE DATOS PERSONALES,FALSEDAD EN DOCUMENTO PRIVADO,0.08303071822529806
VIOLACION DE DATOS PERSONALES,FALSEDAD MATERIAL DE PARTICULAR EN DOCUMENTO PUBLICO,0.028315366675409903
VIOLACION DE DATOS PERSONALES,FALSEDAD MATERIAL EN DOCUMENTO PUBLICO,0.03406477100721372
VIOLACION DE DATOS PERSONALES,HURTO POR MEDIOS INFORMATICOS SEMEJANTES,0.5724462395718559
VIOLACION DE DATOS PERSONALES,OBSTACULIZACION ILEGITIMA DE SISTEMA INFORMATICO O RED DE TELECOMUNICACION,0.037292354386345705
VIOLACION DE DATOS PERSONALES,TRANSFERENCIA NO CONSENTIDA DE ACTIVOS,0.13938225164221496
VIOLACION DE DATOS PERSONALES,USO DE SOFTWARE MALICIOSO,0.11007957142534464
VIOLACION DE DATOS PERSONALES,UTILIZACIÓN ILÍCITA DE REDES DE COMUNICACIONES,0.029702064667506467
VIOLACION DE FRONTERAS PARA LA EXPLOTACION DE RECURSOS NATURALES,INVASION DE AREAS DE ESPECIAL IMPORTANCIA ECOLOGICA,0.46022668933075106
VIOLACION DE HABITACION AJENA,ACCESO CARNAL VIOLENTO,0.012239739322852161
VIOLACION DE HABITACION AJENA,ACOSO SEXUAL,0.030107792221861662
VIOLACION DE HABITACION AJENA,AMENAZAS,0.01631229993071437
VIOLACION DE HABITACION AJENA,CONCUSION,0.01684352244230003
VIOLACION DE HABITACION AJENA,CONSTREÑIMIENTO ILEGAL,0.015031479568313078
VIOLACION DE HABITACION AJENA,DAÑO EN BIEN AJENO,0.09512199390018394
VIOLACION DE HABITACION AJENA,FALSEDAD PERSONAL,0.006138851473794782
VIOLACION DE HABITACION AJENA,SECUESTRO SIMPLE,0.005689957702581849
VIOLACION DE MEDIDAS SANITARIAS,ENRIQUECIMIENTO ILICITO DE PARTICULARES,0.34562105293503875
VIOLACION DE MEDIDAS SANITARIAS,FALSEDAD EN DOCUMENTO PRIVADO,0.07620967344640905
VIOLACION DE MEDIDAS SANITARIAS,FRAUDE PROCESAL,0.09880624200497479
VIOLACION DEL REGIMEN LEGAL O CONSTITUCIONAL DE INHABILIDADES E INCOMPATIBILIDADES,CONTRATO SIN CUMPLIMIENTO DE REQUISITOS LEGALES,0.1088306495947321
VIOLACION DEL REGIMEN LEGAL O CONSTITUCIONAL DE INHABILIDADES E INCOMPATIBILIDADES,FALSEDAD IDEOLOGICA EN DOCUMENTO PUBLICO,0.15815949612057834
VIOLACION DEL REGIMEN LEGAL O CONSTITUCIONAL DE INHABILIDADES E INCOMPATIBILIDADES,PECULADO POR APROPIACION,0.06756009992091816
VIOLACION EN LUGAR DE TRABAJO,DAÑO EN BIEN AJENO,0.0835333056533969
VIOLACION ILICITA DE COMUNICACIONES,ABUSO DE CONFIANZA,0.06807287053372768
VIOLACION ILICITA DE COMUNICACIONES,ABUSO DE FUNCION PUBLICA,0.2939694257927742
VIOLACION ILICITA DE COMUNICACIONES,ACCESO ABUSIVO A UN SISTEMA INFORMATICO,0.14895323254989035
VIOLACION ILICITA DE COMUNICACIONES,COHECHO PROPIO,0.12387958813837463
VIOLACION ILICITA DE COMUNICACIONES,FALSEDAD IDEOLOGICA EN DOCUMENTO PUBLICO,0.06330126891286858
VIOLACION ILICITA DE COMUNICACIONES,PECULADO POR APROPIACION,0.04158924893135851
VIOLACION ILICITA DE COMUNICACIONES,VIOLACION DE DATOS PERSONALES,0.054459999638501566
VIOLACIÓN A LOS DERECHOS DE AUTOR ART. 51 LEY 44 DE 1993,DEFRAUDACION A LOS DERECHOS PATRIMONIALES DE AUTOR,0.12614876036102174
VIOLACIÓN A LOS DERECHOS DE AUTOR ART. 51 LEY 44 DE 1993,FALSEDAD EN DOCUMENTO PRIVADO,0.012798257823888104
VIOLACIÓN A LOS DERECHOS DE AUTOR ART. 51 LEY 44 DE 1993,FRAUDE PROCESAL,0.0208318237361792
VIOLACIÓN A LOS DERECHOS DE AUTOR ART. 51 LEY 44 DE 1993,OBTENCION DE DOCUMENTO PUBLICO FALSO,0.04678235536631814
VIOLACIÓN A LOS DERECHOS DE AUTOR ART. 51 LEY 44 DE 1993,USURPACIÓN DE DERECHOS DE PROPIEDAD INDUSTRIAL Y DERECHOS DE OBTENTORES DE VARIEDADES VEGETALES,0.06961681637679762
VIOLENCIA CONTRA SERVIDOR PUBLICO,ASONADA,0.06665595939581126
VIOLENCIA CONTRA SERVIDOR PUBLICO,DAÑO EN BIEN AJENO,0.0696692254711555
VIOLENCIA CONTRA SERVIDOR PUBLICO,EJERCICIO ARBITRARIO DE LA CUSTODIA DE HIJO MENOR DE EDAD,0.01448915357379399
VIOLENCIA CONTRA SERVIDOR PUBLICO,LESIONES PERSONALES,0.03143912732654641
VIOLENCIA CONTRA SERVIDOR PUBLICO,MALTRATO MEDIANTE RESTRICCION A LA LIBERTAD FISICA,0.02277338041927013
VIOLENCIA CONTRA SERVIDOR PUBLICO,VIOLACION DE HABITACION AJENA,0.019265800740693617
VIOLENCIA INTRAFAMILIAR,DAÑO EN BIEN AJENO,0.008414808646536986
VIOLENCIA INTRAFAMILIAR,DESACATO A UNA ORDEN DE PROTECCION FAMILIAR,0.018229289555405037
VIOLENCIA INTRAFAMILIAR,INCENDIO,0.02689449222064244
VIOLENCIA INTRAFAMILIAR,MALTRATO MEDIANTE RESTRICCION A LA LIBERTAD FISICA,0.01822928955542713
VIOLENCIA INTRAFAMILIAR,VIOLENCIA CONTRA SERVIDOR PUBLICO,0.007661307878432888
